"ltla24_code","ltla24_name","published_decile1_lsoas","mean_weight_fallout_frequency","mean_joint_fallout_frequency","maximum_joint_fallout_frequency"
"E06000001","Hartlepool",24,0.002625,0.004375,0.105
"E06000002","Middlesbrough",45,0.0118444444444445,0.015,0.46
"E06000003","Redcar and Cleveland",22,0.00390909090909091,0.00268181818181819,0.054
"E06000004","Stockton-on-Tees",24,0.00833333333333333,0.012125,0.267
"E06000005","Darlington",13,0.0376923076923077,0.042,0.545
"E06000006","Halton",25,0.00172,0.00416,0.104
"E06000007","Warrington",8,0.000375,0.001875,0.015
"E06000008","Blackburn with Darwen",34,0.0214705882352941,0.0192941176470588,0.346
"E06000009","Blackpool",38,0.0147368421052632,0.0163421052631579,0.333
"E06000010","Kingston upon Hull, City of",70,0.00504285714285714,0.0074857142857143,0.323
"E06000011","East Riding of Yorkshire",13,0.0372307692307692,0.0415384615384616,0.508
"E06000012","North East Lincolnshire",29,0.0158620689655172,0.0172068965517241,0.48
"E06000013","North Lincolnshire",12,0.03975,0.04825,0.573
"E06000015","Derby",28,0.0212142857142857,0.0235357142857143,0.372
"E06000016","Leicester",40,0.012775,0.016275,0.226
"E06000018","Nottingham",55,0.0166727272727273,0.0194363636363636,0.501
"E06000019","Herefordshire, County of",1,0.047,0.054,0.054
"E06000020","Telford and Wrekin",15,0.0144,0.0164666666666667,0.208
"E06000021","Stoke-on-Trent",47,0.0107872340425532,0.0133191489361702,0.494
"E06000022","Bath and North East Somerset",3,0,0,0
"E06000023","Bristol, City of",30,0.0239666666666667,0.0313,0.458
"E06000024","North Somerset",9,0.0256666666666667,0.0264444444444445,0.184
"E06000026","Plymouth",19,0.0485263157894737,0.0589473684210526,0.5
"E06000027","Torbay",10,0,1e-04,0.001
"E06000030","Swindon",10,0.07,0.0733,0.403
"E06000031","Peterborough",16,0.04325,0.0460625,0.383
"E06000032","Luton",17,0.0229411764705882,0.021,0.357
"E06000033","Southend-on-Sea",12,0,0,0
"E06000034","Thurrock",3,0.002,0.002,0.004
"E06000035","Medway",15,0,6.66666666666668e-05,0.001
"E06000042","Milton Keynes",8,0.03975,0.040125,0.321
"E06000043","Brighton and Hove",13,0.00392307692307693,0.00484615384615384,0.063
"E06000044","Portsmouth",15,0,0,0
"E06000045","Southampton",18,0.0159444444444444,0.0158888888888889,0.227
"E06000046","Isle of Wight",3,0.0183333333333333,0.015,0.045
"E06000047","County Durham",56,0.0131428571428572,0.0198571428571429,0.382
"E06000049","Cheshire East",6,0.0193333333333333,0.0325,0.195
"E06000050","Cheshire West and Chester",19,0.0174736842105263,0.0215789473684211,0.195
"E06000051","Shropshire",2,0.0835,0.096,0.192
"E06000052","Cornwall",11,0.065,0.0594545454545455,0.383
"E06000054","Wiltshire",2,0,0,0
"E06000055","Bedford",5,0.0612,0.0552,0.243
"E06000057","Northumberland",22,0.0345,0.0455909090909091,0.607
"E06000058","Bournemouth, Christchurch and Poole",12,0.00175,0.00275,0.022
"E06000059","Dorset",5,0,2e-04,0.001
"E06000061","North Northamptonshire",9,0.0196666666666667,0.0357777777777778,0.321
"E06000062","West Northamptonshire",5,0.0946,0.0822,0.411
"E06000063","Cumberland",18,0.00777777777777778,0.0125555555555556,0.097
"E06000064","Westmorland and Furness",9,0,0,0
"E06000065","North Yorkshire",10,3e-04,0.0023,0.023
"E06000066","Somerset",7,0.0872857142857143,0.0982857142857143,0.581
"E07000010","Fenland",5,0.0898,0.109,0.545
"E07000032","Amber Valley",3,0,0,0
"E07000033","Bolsover",3,0,0,0
"E07000034","Chesterfield",8,0.0195,0.02425,0.111
"E07000035","Derbyshire Dales",1,0,0,0
"E07000036","Erewash",6,0,0,0
"E07000037","High Peak",3,0,0,0
"E07000038","North East Derbyshire",3,0.084,0.095,0.285
"E07000039","South Derbyshire",1,0.142,0.206,0.206
"E07000043","North Devon",3,0,0,0
"E07000061","Eastbourne",8,0.05825,0.054375,0.383
"E07000062","Hastings",18,0.023,0.0197222222222222,0.355
"E07000064","Rother",3,0,0,0
"E07000066","Basildon",9,0.00222222222222222,0.00322222222222223,0.029
"E07000069","Castle Point",1,0,0,0
"E07000071","Colchester",2,0,0,0
"E07000073","Harlow",1,0.081,0.166,0.166
"E07000075","Rochford",1,0.025,0.024,0.024
"E07000076","Tendring",18,0.0111666666666667,0.0105555555555556,0.184
"E07000078","Cheltenham",2,0,0,0
"E07000081","Gloucester",9,0.011,0.027,0.243
"E07000083","Tewkesbury",1,0.456,0.498,0.498
"E07000088","Gosport",5,0,0,0
"E07000090","Havant",9,0.0672222222222222,0.0848888888888889,0.505
"E07000091","New Forest",2,0,5e-04,0.001
"E07000098","Hertsmere",1,0,0,0
"E07000105","Ashford",3,0.134666666666667,0.153333333333333,0.46
"E07000106","Canterbury",4,0.045,0.08075,0.323
"E07000107","Dartford",1,0,0,0
"E07000108","Dover",8,0,0,0
"E07000109","Gravesham",6,0.00900000000000001,0.0101666666666667,0.06
"E07000110","Maidstone",3,0.00266666666666667,0.0126666666666667,0.028
"E07000111","Sevenoaks",1,0.019,0.028,0.028
"E07000112","Folkestone and Hythe",5,0.0464,0.0522,0.261
"E07000113","Swale",13,0.001,0.00269230769230769,0.035
"E07000114","Thanet",16,0.0273125,0.0231875,0.343
"E07000117","Burnley",24,0.00633333333333334,0.00704166666666667,0.137
"E07000118","Chorley",3,0.006,0.00633333333333334,0.019
"E07000119","Fylde",2,0.02,0.022,0.044
"E07000120","Hyndburn",17,0.00141176470588235,0.00229411764705883,0.021
"E07000121","Lancaster",10,5e-04,1e-04,0.001
"E07000122","Pendle",20,0,0,0
"E07000123","Preston",15,0.033,0.0376,0.564
"E07000125","Rossendale",4,0,0,0
"E07000126","South Ribble",2,0,0,0
"E07000127","West Lancashire",4,0,0,0
"E07000128","Wyre",9,0,0,0
"E07000130","Charnwood",2,0,0,0
"E07000134","North West Leicestershire",1,0,0,0
"E07000136","Boston",5,0.003,0.0122,0.055
"E07000137","East Lindsey",12,0,0,0
"E07000138","Lincoln",12,0.0606666666666667,0.0629166666666667,0.465
"E07000140","South Holland",1,0.001,0,0
"E07000141","South Kesteven",3,0.168333333333333,0.179,0.537
"E07000142","West Lindsey",6,0.033,0.0328333333333333,0.197
"E07000143","Breckland",1,0,0,0
"E07000145","Great Yarmouth",15,0.0134666666666667,0.0120666666666667,0.172
"E07000146","King's Lynn and West Norfolk",5,0.00760000000000001,0.0344,0.162
"E07000148","Norwich",10,0.0498,0.0785,0.421
"E07000170","Ashfield",9,0.000666666666666667,0.00088888888888889,0.00700000000000001
"E07000171","Bassetlaw",5,0,2e-04,0.001
"E07000173","Gedling",1,0,0,0
"E07000174","Mansfield",9,0.00111111111111111,0.000777777777777779,0.00700000000000001
"E07000175","Newark and Sherwood",3,0,0,0
"E07000178","Oxford",2,0.07,0.0895,0.092
"E07000192","Cannock Chase",2,0,0.0015,0.003
"E07000193","East Staffordshire",4,0,0,0
"E07000195","Newcastle-under-Lyme",2,0,0,0
"E07000197","Stafford",1,0.391,0.505,0.505
"E07000199","Tamworth",6,0.001,0.00133333333333333,0.00800000000000001
"E07000202","Ipswich",11,0,9.0909090909091e-05,0.001
"E07000203","Mid Suffolk",1,0,0,0
"E07000218","North Warwickshire",1,0,0,0
"E07000219","Nuneaton and Bedworth",7,0.0907142857142857,0.0998571428571428,0.368
"E07000222","Warwick",1,0.00800000000000001,0.014,0.014
"E07000224","Arun",5,0.006,0.00620000000000001,0.031
"E07000226","Crawley",1,0,0,0
"E07000235","Malvern Hills",1,0,0,0
"E07000236","Redditch",4,0,0,0
"E07000237","Worcester",8,0.014625,0.019125,0.139
"E07000239","Wyre Forest",5,0.057,0.0868,0.361
"E07000244","East Suffolk",11,0.000545454545454546,0.00109090909090909,0.006
"E08000001","Bolton",46,0.0146739130434783,0.013304347826087,0.343
"E08000002","Bury",13,0.00969230769230769,0.00930769230769231,0.107
"E08000003","Manchester",120,0.0172,0.0181666666666667,0.448
"E08000004","Oldham",53,0.0204339622641509,0.0164339622641509,0.335
"E08000005","Rochdale",42,0.00473809523809524,0.00511904761904762,0.209
"E08000006","Salford",41,0.0181951219512195,0.0186829268292683,0.355
"E08000007","Stockport",15,0.0149333333333333,0.0182666666666667,0.273
"E08000008","Tameside",25,0.0292,0.03304,0.451
"E08000009","Trafford",6,0.024,0.0256666666666667,0.151
"E08000010","Wigan",31,0.0319677419354839,0.0346451612903226,0.475
"E08000011","Knowsley",40,0.01315,0.016275,0.563
"E08000012","Liverpool",111,0.00880180180180181,0.0121621621621622,0.502
"E08000013","St. Helens",28,0.0131428571428571,0.0173928571428571,0.317
"E08000014","Sefton",36,0.00194444444444445,0.00380555555555555,0.093
"E08000015","Wirral",49,0.00406122448979592,0.00651020408163265,0.127
"E08000016","Barnsley",32,0.0149375,0.02821875,0.282
"E08000017","Doncaster",46,0.00560869565217391,0.00728260869565218,0.142
"E08000018","Rotherham",36,0.00197222222222222,0.00305555555555555,0.11
"E08000019","Sheffield",75,0.01628,0.0175733333333333,0.588
"E08000021","Newcastle upon Tyne",47,0.00293617021276596,0.00323404255319149,0.103
"E08000022","North Tyneside",11,0.00663636363636363,0.0107272727272727,0.108
"E08000023","South Tyneside",22,0.00354545454545454,0.00677272727272727,0.137
"E08000024","Sunderland",51,0.00572549019607843,0.00966666666666668,0.182
"E08000025","Birmingham",282,0.0102482269503546,0.0102659574468085,0.441
"E08000026","Coventry",36,0.00141666666666667,0.00266666666666667,0.044
"E08000027","Dudley",22,0.0384545454545455,0.0423636363636364,0.414
"E08000028","Sandwell",31,0.00838709677419354,0.0142258064516129,0.185
"E08000029","Solihull",18,0.000111111111111111,5.55555555555556e-05,0.001
"E08000030","Walsall",42,0.00997619047619048,0.0116428571428571,0.166
"E08000031","Wolverhampton",35,0.0427428571428571,0.0406571428571429,0.402
"E08000032","Bradford",115,0.00989565217391303,0.0115478260869565,0.505
"E08000033","Calderdale",26,0.0217307692307692,0.0222307692307692,0.346
"E08000034","Kirklees",35,0.0275714285714286,0.0242,0.435
"E08000035","Leeds",84,0.00911904761904763,0.0116785714285714,0.401
"E08000036","Wakefield",37,0.0214324324324324,0.0274594594594594,0.454
"E08000037","Gateshead",24,0.00283333333333334,0.00325,0.052
"E09000002","Barking and Dagenham",2,0.0035,0.01,0.02
"E09000003","Barnet",1,0,0,0
"E09000005","Brent",28,0.0484642857142857,0.0570714285714286,0.443
"E09000006","Bromley",1,0,0,0
"E09000007","Camden",4,0.0665,0.0555,0.199
"E09000008","Croydon",8,0.04125,0.04275,0.217
"E09000009","Ealing",6,0.0786666666666667,0.0883333333333333,0.504
"E09000010","Enfield",33,0.0262121212121212,0.0274545454545455,0.325
"E09000012","Hackney",24,0.0941666666666667,0.143666666666667,0.576
"E09000013","Hammersmith and Fulham",2,0.2945,0.26,0.478
"E09000014","Haringey",28,0.0490357142857143,0.0556428571428572,0.483
"E09000016","Havering",1,0,0,0
"E09000018","Hounslow",3,0.187333333333333,0.173666666666667,0.395
"E09000019","Islington",5,0.1254,0.118,0.495
"E09000020","Kensington and Chelsea",3,0.0793333333333333,0.089,0.228
"E09000022","Lambeth",1,0.006,0.011,0.011
"E09000023","Lewisham",3,0.0893333333333333,0.0813333333333333,0.244
"E09000025","Newham",10,0.1428,0.1539,0.515
"E09000026","Redbridge",3,0.0283333333333333,0.069,0.204
"E09000029","Sutton",1,0,0,0
"E09000030","Tower Hamlets",22,0.0925,0.100227272727273,0.536
"E09000031","Waltham Forest",1,0,0,0
"E09000033","Westminster",11,0.0611818181818182,0.0580909090909091,0.392
