"lsoa21_code","analysis","official_rank","official_decile","rank_p05","rank_median","rank_p95","rank_p90_interval_width","same_decile_probability","probability_most_deprived_10pct","probability_most_deprived_20pct"
"E01002837","Weights +/-25%; exponential constant 15-35",24678,8,20335.55,25343.5,28671.75,8336.2,0.465,0,0
"E01027763","Weights +/-25%; exponential constant 15-35",15705,5,12149.9,16394,20098.05,7948.14999999999,0.409,0,0
"E01027773","Weights +/-25%; exponential constant 15-35",14346,5,10679.2,15001.5,18528.5,7849.3,0.459,0,0
"E01020259","Weights +/-25%; exponential constant 15-35",13528,5,9783.9,14178.5,17535,7751.1,0.467,0,0
"E01027557","Weights +/-25%; exponential constant 15-35",16755,5,13270.35,17366,20973,7702.65,0.373,0,0
"E01035713","Weights +/-25%; exponential constant 15-35",23218,7,19390.05,23881,26992.55,7602.5,0.368,0,0
"E01002911","Weights +/-25%; exponential constant 15-35",21590,7,17844.9,22198,25323.5,7478.6,0.517,0,0
"E01029125","Weights +/-25%; exponential constant 15-35",14864,5,11447.3,15414,18716.3,7269,0.489,0,0
"E01019090","Weights +/-25%; exponential constant 15-35",15609,5,12486.6,16248.5,19721,7234.4,0.459,0,0
"E01014020","Weights +/-25%; exponential constant 15-35",12764,4,9241.55,13333.5,16464.35,7222.8,0.407,0,0
"E01027777","Weights +/-25%; exponential constant 15-35",15049,5,11909.85,15672.5,19080.55,7170.7,0.492,0,0
"E01031582","Weights +/-25%; exponential constant 15-35",20988,7,17211.75,21440.5,24372.7,7160.95,0.559,0,0
"E01020274","Weights +/-25%; exponential constant 15-35",14867,5,11503.75,15413,18633.75,7130,0.506,0,0
"E01027742","Weights +/-25%; exponential constant 15-35",13814,5,10569.85,14454,17649.55,7079.7,0.505,0,0
"E01004662","Weights +/-25%; exponential constant 15-35",18684,6,15007.4,19277.5,21964.65,6957.25,0.496,0,0
"E01019901","Weights +/-25%; exponential constant 15-35",16486,5,13329.1,17063.5,20285.65,6956.55,0.41,0,0
"E01029003","Weights +/-25%; exponential constant 15-35",13204,4,9972.55,13792,16861.45,6888.9,0.391,0,0
"E01018481","Weights +/-25%; exponential constant 15-35",14793,5,11613.8,15295,18484.15,6870.35,0.524,0,0
"E01028993","Weights +/-25%; exponential constant 15-35",12110,4,8734.9,12613,15589.25,6854.35,0.47,0,0
"E01028960","Weights +/-25%; exponential constant 15-35",14611,5,11374.8,15144.5,18200.1,6825.3,0.53,0,0
"E01019323","Weights +/-25%; exponential constant 15-35",14452,5,11237.95,15002.5,18005.35,6767.4,0.532,0,0
"E01025320","Weights +/-25%; exponential constant 15-35",15398,5,12496.75,16004,19225.4,6728.65,0.509,0,0
"E01014052","Weights +/-25%; exponential constant 15-35",13628,5,10577.5,14252,17288.05,6710.55,0.523,0,0
"E01002901","Weights +/-25%; exponential constant 15-35",22030,7,18759.15,22628.5,25440.85,6681.7,0.522,0,0
"E01019324","Weights +/-25%; exponential constant 15-35",17672,6,14562.05,18203.5,21232.85,6670.8,0.545,0,0
"E01020049","Weights +/-25%; exponential constant 15-35",14023,5,10923.75,14605,17594,6670.25,0.539,0,0
"E01027613","Weights +/-25%; exponential constant 15-35",16158,5,13374.9,16742,19980.25,6605.35,0.46,0,0
"E01027447","Weights +/-25%; exponential constant 15-35",15757,5,12983.85,16330,19554.2,6570.35,0.501,0,0
"E01028842","Weights +/-25%; exponential constant 15-35",14577,5,11606.8,15143.5,18163.9,6557.1,0.539,0,0
"E01027477","Weights +/-25%; exponential constant 15-35",14632,5,11760,15171.5,18283.1,6523.1,0.552,0,0
"E01029268","Weights +/-25%; exponential constant 15-35",14987,5,11872.05,15486.5,18373.1,6501.05,0.538,0,0
"E01035662","Weights +/-25%; exponential constant 15-35",18643,6,15391.75,19171,21865.25,6473.5,0.534,0,0
"E01019938","Weights +/-25%; exponential constant 15-35",15561,5,12856.5,16151,19251.55,6395.04999999999,0.515,0,0
"E01002821","Weights +/-25%; exponential constant 15-35",22200,7,19218.8,22740,25583.8,6365,0.548,0,0
"E01035072","Weights +/-25%; exponential constant 15-35",12808,4,9883.4,13359,16215.35,6331.95,0.452,0,0
"E01028859","Weights +/-25%; exponential constant 15-35",11597,4,8572.4,12107.5,14893.45,6321.05,0.542,0,0
"E01027762","Weights +/-25%; exponential constant 15-35",15981,5,13301.05,16528.5,19610,6308.95,0.491,0,0
"E01000001","Weights +/-25%; exponential constant 15-35",26525,8,23444.9,27134,29752.7,6307.8,0.423,0,0
"E01008047","Weights +/-25%; exponential constant 15-35",22671,7,19714.6,23256.5,26018.4,6303.8,0.494,0,0
"E01020863","Weights +/-25%; exponential constant 15-35",13566,5,10760.05,14124,17053.3,6293.25,0.541,0,0
"E01019338","Weights +/-25%; exponential constant 15-35",16010,5,13414.9,16577,19703,6288.1,0.486,0,0
"E01019225","Weights +/-25%; exponential constant 15-35",12997,4,10139.9,13552,16410.15,6270.25,0.436,0,0
"E01019340","Weights +/-25%; exponential constant 15-35",13485,4,10354.3,13993.5,16624.1,6269.8,0.391,0,0
"E01002827","Weights +/-25%; exponential constant 15-35",23439,7,20581.95,23968.5,26788,6206.05,0.391,0,0
"E01031950","Weights +/-25%; exponential constant 15-35",18420,6,15873.65,19042,22067.2,6193.55,0.55,0,0
"E01005414","Weights +/-25%; exponential constant 15-35",15180,5,12045.35,15550.5,18238.6,6193.25,0.56,0,0
"E01020097","Weights +/-25%; exponential constant 15-35",12979,4,9965.9,13485,16158.4,6192.5,0.441,0,0
"E01002860","Weights +/-25%; exponential constant 15-35",23591,7,20691.9,24107,26868.1,6176.2,0.37,0,0
"E01014009","Weights +/-25%; exponential constant 15-35",13944,5,11194.7,14493,17369.7,6175,0.559,0,0
"E01019310","Weights +/-25%; exponential constant 15-35",16176,5,13452.95,16727,19615.2,6162.25,0.473,0,0
"E01029797","Weights +/-25%; exponential constant 15-35",11848,4,8944.8,12371,15101,6156.2,0.548,0,0
"E01025315","Weights +/-25%; exponential constant 15-35",17815,6,15245.85,18400,21397.25,6151.4,0.576,0,0
"E01022201","Weights +/-25%; exponential constant 15-35",17302,6,14798.05,17850.5,20921.4,6123.35,0.557,0,0
"E01020320","Weights +/-25%; exponential constant 15-35",11677,4,8756.85,12135,14876.05,6119.2,0.556,0,0
"E01019380","Weights +/-25%; exponential constant 15-35",15208,5,12595.3,15716,18714,6118.7,0.561,0,0
"E01020262","Weights +/-25%; exponential constant 15-35",13247,4,10305.6,13736.5,16417.7,6112.1,0.43,0,0
"E01017878","Weights +/-25%; exponential constant 15-35",18690,6,16180.55,19312,22254.95,6074.4,0.558,0,0
"E01033951","Weights +/-25%; exponential constant 15-35",14638,5,11840.15,15103,17911.05,6070.9,0.591,0,0
"E01019394","Weights +/-25%; exponential constant 15-35",17355,6,14898.35,17883.5,20956.95,6058.6,0.562,0,0
"E01022215","Weights +/-25%; exponential constant 15-35",16067,5,13582.35,16630,19640.15,6057.8,0.499,0,0
"E01020396","Weights +/-25%; exponential constant 15-35",13739,5,11060.5,14290,17117.7,6057.2,0.572,0,0
"E01020044","Weights +/-25%; exponential constant 15-35",18014,6,15122.5,18461,21173.6,6051.1,0.576,0,0
"E01028846","Weights +/-25%; exponential constant 15-35",14349,5,11565.75,14870,17596.45,6030.7,0.585,0,0
"E01020127","Weights +/-25%; exponential constant 15-35",13368,4,10376.8,13847,16399.55,6022.75,0.41,0,0
"E01014059","Weights +/-25%; exponential constant 15-35",15419,5,12679.3,15949.5,18668.4,5989.1,0.567,0,0
"E01027686","Weights +/-25%; exponential constant 15-35",14873,5,12259.2,15350,18222.4,5963.2,0.594,0,0
"E01029335","Weights +/-25%; exponential constant 15-35",11083,4,8276.3,11587.5,14232.3,5956,0.593,0,0
"E01019131","Weights +/-25%; exponential constant 15-35",15427,5,12950.45,15945.5,18863.6,5913.15,0.575,0,0
"E01029270","Weights +/-25%; exponential constant 15-35",15543,5,12793.75,16002.5,18702.45,5908.7,0.563,0,0
"E01031204","Weights +/-25%; exponential constant 15-35",20213,6,17293.75,20681,23201.8,5908.05,0.371,0,0
"E01002900","Weights +/-25%; exponential constant 15-35",25015,8,22270.4,25509.5,28155.1,5884.7,0.626,0,0
"E01019229","Weights +/-25%; exponential constant 15-35",12101,4,9349.65,12570,15228.35,5878.7,0.568,0,0
"E01029005","Weights +/-25%; exponential constant 15-35",12067,4,9321.7,12551,15189.15,5867.45,0.561,0,0
"E01027306","Weights +/-25%; exponential constant 15-35",17175,6,14606.85,17672,20473.15,5866.3,0.584,0,0
"E01029144","Weights +/-25%; exponential constant 15-35",15375,5,12453.95,15803,18305,5851.05,0.579,0,0
"E01029000","Weights +/-25%; exponential constant 15-35",12865,4,10283.9,13390.5,16102.35,5818.45,0.48,0,0
"E01020072","Weights +/-25%; exponential constant 15-35",14680,5,11677.55,15066,17486.05,5808.5,0.625,0,0
"E01032198","Weights +/-25%; exponential constant 15-35",14344,5,11809.95,14845.5,17577.2,5767.25,0.61,0,0
"E01035071","Weights +/-25%; exponential constant 15-35",14042,5,11281.55,14538.5,17048.65,5767.1,0.619,0,0
"E01027764","Weights +/-25%; exponential constant 15-35",15451,5,12921,15947,18686.3,5765.3,0.581,0,0
"E01031507","Weights +/-25%; exponential constant 15-35",13031,4,10469.65,13579,16209.95,5740.3,0.459,0,0
"E01034790","Weights +/-25%; exponential constant 15-35",17811,6,15491.8,18378,21230.3,5738.5,0.607,0,0
"E01027637","Weights +/-25%; exponential constant 15-35",16773,5,14450.85,17264.5,20188.2,5737.35,0.414,0,0
"E01020314","Weights +/-25%; exponential constant 15-35",12854,4,10201.1,13352,15936.45,5735.35,0.485,0,0
"E01029221","Weights +/-25%; exponential constant 15-35",16508,5,14066.8,16986.5,19789,5722.2,0.459,0,0
"E01019339","Weights +/-25%; exponential constant 15-35",17286,6,14943.75,17821.5,20644,5700.25,0.586,0,0
"E01029817","Weights +/-25%; exponential constant 15-35",12751,4,10186.45,13271.5,15865.35,5678.9,0.498,0,0
"E01026650","Weights +/-25%; exponential constant 15-35",11719,4,9088.9,12109.5,14752.2,5663.3,0.642,0,0
"E01019320","Weights +/-25%; exponential constant 15-35",17069,6,14805.8,17570.5,20463.15,5657.35,0.574,0,0
"E01019293","Weights +/-25%; exponential constant 15-35",12807,4,10356.8,13268,15980.7,5623.9,0.503,0,0
"E01019356","Weights +/-25%; exponential constant 15-35",15358,5,13041.9,15841.5,18579.2,5537.3,0.616,0,0
"E01025910","Weights +/-25%; exponential constant 15-35",17327,6,14764.5,17736.5,20299.05,5534.55,0.625,0,0
"E01019967","Weights +/-25%; exponential constant 15-35",15783,5,13491,16282.5,19016.65,5525.65,0.572,0,0
"E01014056","Weights +/-25%; exponential constant 15-35",14551,5,12048.7,15004,17543.5,5494.8,0.64,0,0
"E01019077","Weights +/-25%; exponential constant 15-35",21832,7,19326.8,22316,24807.6,5480.8,0.658,0,0
"E01028870","Weights +/-25%; exponential constant 15-35",13733,5,11132.45,14178.5,16612.2,5479.75,0.599,0,0
"E01020188","Weights +/-25%; exponential constant 15-35",13835,5,11302.9,14301,16782.6,5479.7,0.616,0,0
"E01030879","Weights +/-25%; exponential constant 15-35",18502,6,16218.65,19017,21696.35,5477.7,0.629,0,0
"E01021099","Weights +/-25%; exponential constant 15-35",15972,5,13434.65,16373,18902.45,5467.8,0.552,0,0
"E01028862","Weights +/-25%; exponential constant 15-35",19265,6,16597.75,19672,22035.8,5438.05,0.559,0,0
