ltla24_code,ltla24_name,imd25_extent
E06000001,Hartlepool,0.5259
E06000002,Middlesbrough,0.5657
E06000003,Redcar and Cleveland,0.3665
E06000004,Stockton-on-Tees,0.3182
E06000005,Darlington,0.2814
E06000006,Halton,0.429
E06000007,Warrington,0.1561
E06000008,Blackburn with Darwen,0.5702
E06000009,Blackpool,0.5217
E06000010,"Kingston upon Hull, City of",0.52
E06000011,East Riding of Yorkshire,0.0982
E06000012,North East Lincolnshire,0.3698
E06000013,North Lincolnshire,0.2107
E06000014,York,0.0682
E06000015,Derby,0.3611
E06000016,Leicester,0.495
E06000017,Rutland,0
E06000018,Nottingham,0.5039
E06000019,"Herefordshire, County of",0.0714
E06000020,Telford and Wrekin,0.252
E06000021,Stoke-on-Trent,0.4945
E06000022,Bath and North East Somerset,0.0384
E06000023,"Bristol, City of",0.213
E06000024,North Somerset,0.0956
E06000025,South Gloucestershire,0.0102
E06000026,Plymouth,0.257
E06000027,Torbay,0.2552
E06000030,Swindon,0.1328
E06000031,Peterborough,0.3665
E06000032,Luton,0.3669
E06000033,Southend-on-Sea,0.2645
E06000034,Thurrock,0.1391
E06000035,Medway,0.2531
E06000036,Bracknell Forest,0
E06000037,West Berkshire,0.0092
E06000038,Reading,0.1039
E06000039,Slough,0.122
E06000040,Windsor and Maidenhead,0
E06000041,Wokingham,0.0042
E06000042,Milton Keynes,0.1202
E06000043,Brighton and Hove,0.1528
E06000044,Portsmouth,0.2533
E06000045,Southampton,0.2391
E06000046,Isle of Wight,0.2006
E06000047,County Durham,0.3602
E06000049,Cheshire East,0.0952
E06000050,Cheshire West and Chester,0.1467
E06000051,Shropshire,0.0533
E06000052,Cornwall,0.1171
E06000053,Isles of Scilly,0
E06000054,Wiltshire,0.0287
E06000055,Bedford,0.1528
E06000056,Central Bedfordshire,0.0267
E06000057,Northumberland,0.2014
E06000058,"Bournemouth, Christchurch and Poole",0.1039
E06000059,Dorset,0.0404
E06000060,Buckinghamshire,0.0209
E06000061,North Northamptonshire,0.1289
E06000062,West Northamptonshire,0.102
E06000063,Cumberland,0.2327
E06000064,Westmorland and Furness,0.0904
E06000065,North Yorkshire,0.0647
E06000066,Somerset,0.089
E07000008,Cambridge,0.0206
E07000009,East Cambridgeshire,0.0021
E07000010,Fenland,0.2073
E07000011,Huntingdonshire,0.006
E07000012,South Cambridgeshire,0
E07000032,Amber Valley,0.1228
E07000033,Bolsover,0.2223
E07000034,Chesterfield,0.2817
E07000035,Derbyshire Dales,0.0214
E07000036,Erewash,0.1855
E07000037,High Peak,0.098
E07000038,North East Derbyshire,0.1298
E07000039,South Derbyshire,0.0537
E07000040,East Devon,0.014
E07000041,Exeter,0.063
E07000042,Mid Devon,0.0441
E07000043,North Devon,0.1254
E07000044,South Hams,0.0065
E07000045,Teignbridge,0.0508
E07000046,Torridge,0.1027
E07000047,West Devon,0.0123
E07000061,Eastbourne,0.2178
E07000062,Hastings,0.4812
E07000063,Lewes,0.0723
E07000064,Rother,0.1523
E07000065,Wealden,0.0244
E07000066,Basildon,0.2521
E07000067,Braintree,0.0338
E07000068,Brentwood,0.0076
E07000069,Castle Point,0.0868
E07000070,Chelmsford,0.0449
E07000071,Colchester,0.0864
E07000072,Epping Forest,0.0137
E07000073,Harlow,0.0979
E07000074,Maldon,0.0063
E07000075,Rochford,0.0263
E07000076,Tendring,0.3369
E07000077,Uttlesford,0
E07000078,Cheltenham,0.0842
E07000079,Cotswold,0.0037
E07000080,Forest of Dean,0.0499
E07000081,Gloucester,0.2386
E07000082,Stroud,0.0198
E07000083,Tewkesbury,0.0237
E07000084,Basingstoke and Deane,0.0254
E07000085,East Hampshire,0.005
E07000086,Eastleigh,0.0247
E07000087,Fareham,0.0178
E07000088,Gosport,0.2273
E07000089,Hart,0
E07000090,Havant,0.2336
E07000091,New Forest,0.0346
E07000092,Rushmoor,0.0533
E07000093,Test Valley,0.0321
E07000094,Winchester,0.0119
E07000095,Broxbourne,0.0552
E07000096,Dacorum,0.0336
E07000098,Hertsmere,0.0384
E07000099,North Hertfordshire,0.0198
E07000102,Three Rivers,0.0117
E07000103,Watford,0.0493
E07000105,Ashford,0.1192
E07000106,Canterbury,0.1584
E07000107,Dartford,0.0735
E07000108,Dover,0.2245
E07000109,Gravesham,0.2248
E07000110,Maidstone,0.0891
E07000111,Sevenoaks,0.0467
E07000112,Folkestone and Hythe,0.2282
E07000113,Swale,0.2469
E07000114,Thanet,0.3675
E07000115,Tonbridge and Malling,0.0345
E07000116,Tunbridge Wells,0.0254
E07000117,Burnley,0.5568
E07000118,Chorley,0.1217
E07000119,Fylde,0.0518
E07000120,Hyndburn,0.5066
E07000121,Lancaster,0.2092
E07000122,Pendle,0.4782
E07000123,Preston,0.4139
E07000124,Ribble Valley,0.0012
E07000125,Rossendale,0.3027
E07000126,South Ribble,0.0854
E07000127,West Lancashire,0.155
E07000128,Wyre,0.1474
E07000129,Blaby,0
E07000130,Charnwood,0.0429
E07000131,Harborough,0
E07000132,Hinckley and Bosworth,0.024
E07000133,Melton,0.0465
E07000134,North West Leicestershire,0.0487
E07000135,Oadby and Wigston,0.0463
E07000136,Boston,0.3182
E07000137,East Lindsey,0.3341
E07000138,Lincoln,0.3416
E07000139,North Kesteven,0.0232
E07000140,South Holland,0.0747
E07000141,South Kesteven,0.0495
E07000142,West Lindsey,0.1705
E07000143,Breckland,0.089
E07000144,Broadland,0
E07000145,Great Yarmouth,0.3725
E07000146,King's Lynn and West Norfolk,0.1674
E07000147,North Norfolk,0.0386
E07000148,Norwich,0.3126
E07000149,South Norfolk,0
E07000170,Ashfield,0.2563
E07000171,Bassetlaw,0.1992
E07000172,Broxtowe,0.0637
E07000173,Gedling,0.0501
E07000174,Mansfield,0.3164
E07000175,Newark and Sherwood,0.1399
E07000176,Rushcliffe,0.0026
E07000177,Cherwell,0.03
E07000178,Oxford,0.076
E07000179,South Oxfordshire,0
E07000180,Vale of White Horse,0.0062
E07000181,West Oxfordshire,0.0068
E07000192,Cannock Chase,0.1287
E07000193,East Staffordshire,0.1696
E07000194,Lichfield,0.043
E07000195,Newcastle-under-Lyme,0.116
E07000196,South Staffordshire,0.0392
E07000197,Stafford,0.0719
E07000198,Staffordshire Moorlands,0.0522
E07000199,Tamworth,0.1672
E07000200,Babergh,0.0217
E07000202,Ipswich,0.3085
E07000203,Mid Suffolk,0.0205
E07000207,Elmbridge,0.0114
E07000208,Epsom and Ewell,0.0154
E07000209,Guildford,0.0079
E07000210,Mole Valley,0.0129
E07000211,Reigate and Banstead,0.0108
E07000212,Runnymede,0.015
E07000213,Spelthorne,0.0349
E07000214,Surrey Heath,0.0028
E07000215,Tandridge,0.0024
E07000216,Waverley,0
E07000217,Woking,0.0181
E07000218,North Warwickshire,0.0926
E07000219,Nuneaton and Bedworth,0.208
E07000220,Rugby,0.0375
E07000221,Stratford-on-Avon,0
E07000222,Warwick,0.0096
E07000223,Adur,0.0329
E07000224,Arun,0.1151
E07000225,Chichester,0.0192
E07000226,Crawley,0.0751
E07000227,Horsham,9e-4
E07000228,Mid Sussex,0.0035
E07000229,Worthing,0.054
E07000234,Bromsgrove,0.034
E07000235,Malvern Hills,0.0566
E07000236,Redditch,0.2197
E07000237,Worcester,0.1751
E07000238,Wychavon,0.0394
E07000239,Wyre Forest,0.2018
E07000240,St Albans,0.0015
E07000241,Welwyn Hatfield,0.0215
E07000242,East Hertfordshire,0.0038
E07000243,Stevenage,0.0278
E07000244,East Suffolk,0.1275
E07000245,West Suffolk,0.0462
E08000001,Bolton,0.4384
E08000002,Bury,0.2591
E08000003,Manchester,0.5877
E08000004,Oldham,0.5397
E08000005,Rochdale,0.4752
E08000006,Salford,0.4315
E08000007,Stockport,0.1618
E08000008,Tameside,0.3857
E08000009,Trafford,0.0984
E08000010,Wigan,0.2964
E08000011,Knowsley,0.5104
E08000012,Liverpool,0.5402
E08000013,St. Helens,0.3673
E08000014,Sefton,0.2715
E08000015,Wirral,0.3229
E08000016,Barnsley,0.3927
E08000017,Doncaster,0.3794
E08000018,Rotherham,0.3594
E08000019,Sheffield,0.3469
E08000021,Newcastle upon Tyne,0.3667
E08000022,North Tyneside,0.2055
E08000023,South Tyneside,0.429
E08000024,Sunderland,0.4566
E08000025,Birmingham,0.5596
E08000026,Coventry,0.3204
E08000027,Dudley,0.2578
E08000028,Sandwell,0.5095
E08000029,Solihull,0.1706
E08000030,Walsall,0.4822
E08000031,Wolverhampton,0.486
E08000032,Bradford,0.5204
E08000033,Calderdale,0.3224
E08000034,Kirklees,0.3067
E08000035,Leeds,0.2849
E08000036,Wakefield,0.3263
E08000037,Gateshead,0.3471
E09000001,City of London,0
E09000002,Barking and Dagenham,0.319
E09000003,Barnet,0.0913
E09000004,Bexley,0.0744
E09000005,Brent,0.3226
E09000006,Bromley,0.0624
E09000007,Camden,0.2255
E09000008,Croydon,0.2033
E09000009,Ealing,0.2469
E09000010,Enfield,0.4205
E09000011,Greenwich,0.1797
E09000012,Hackney,0.4
E09000013,Hammersmith and Fulham,0.1385
E09000014,Haringey,0.4372
E09000015,Harrow,0.0436
E09000016,Havering,0.0742
E09000017,Hillingdon,0.1201
E09000018,Hounslow,0.1746
E09000019,Islington,0.2267
E09000020,Kensington and Chelsea,0.1613
E09000021,Kingston upon Thames,0.0096
E09000022,Lambeth,0.1216
E09000023,Lewisham,0.1981
E09000024,Merton,0.0404
E09000025,Newham,0.4251
E09000026,Redbridge,0.1071
E09000027,Richmond upon Thames,0.0094
E09000028,Southwark,0.1379
E09000029,Sutton,0.0489
E09000030,Tower Hamlets,0.4148
E09000031,Waltham Forest,0.1322
E09000032,Wandsworth,0.0545
E09000033,Westminster,0.2328
