country,iso3,region,subregion,inform_risk_score,inform_risk_rank,inform_risk_decile,inform_severity_score,inform_severity_rank,inform_severity_decile,underfunded_crisis_score,underfunded_crisis_rank,underfunded_crisis_decile,oecd_fragility_score,oecd_fragility_rank,oecd_fragility_decile,worldrisk_score,worldrisk_rank,worldrisk_decile,nd_gain_score,nd_gain_rank,nd_gain_decile,hdi_score,hdi_rank,hdi_decile,mpi_score,mpi_rank,mpi_decile,ghi_score,ghi_rank,ghi_decile,ghs_score,ghs_rank,ghs_decile,wps_score,wps_rank,wps_decile,un_mvi_score,un_mvi_rank,un_mvi_decile,debt_distress_score,debt_distress_rank,debt_distress_decile,searo_score,searo_rank,searo_decile,disaster_displacement_score,disaster_displacement_rank,disaster_displacement_decile,internal_displacement_score,internal_displacement_rank,internal_displacement_decile,ghi_score_label,mpi_reference_year,debt_distress_class,debt_distress_ordinal,indices_ranked_count,top_10_count,top_20_count
Afghanistan,AFG,Asia,Southern Asia,7.8,6,1,9.2,4,1,67.24323100000001,20,8,-4.39521576407208,3,1,3.7,102,6,33.0241264018046,11,1,0.496,13,1,0.3603053,9,1,29,15,2,28.8,48,3,0.279,1,1,54.9,58,5,3,,,7.221153011048822,2,1,,,,0.7434269748868907,23,6,29.0,2022/2023 M,High,3,14,8,9
Albania,ALB,Europe,Southern Europe,3.1,118,7,,,,,,,,,,5.91,79,5,52.582838821604,128,7,0.81,123,7,0.002747879,95,9,7,87,9,45,134,7,0.731,111,7,,,,,,,,,,,,,,,,7.0,2017/2018 D,,,8,0,0
Algeria,DZA,Africa,Northern Africa,4.3,75,4,5.6,46,7,,,,,,,9.25,59,4,47.4121674056738,94,5,0.763,98,6,0.005409093,88,8,7.1,86,9,26.2,28,2,0.621,59,4,53.3,68,5,,,,,,,,,,,,,7.1,2018/2019 M,,,10,0,1
Andorra,AND,Europe,Southern Europe,,,,,,,,,,,,,0.29,192,10,63.0179996354563,167,9,0.913,161,9,,,,,,,34.7,92,5,,,,,,,,,,,,,,,,,,,,country-specific survey year,,,4,0,0
Angola,AGO,Africa,Sub-Saharan Africa,6,27,2,,,,,,,-2.53599332584237,24,4,10.83,50,3,36.4469774643548,28,2,0.616,46,3,0.282435048,17,2,29.7,13,2,29.1,51,3,0.601,48,3,47.5,97,7,,,,,,,,,,,,,29.7,2015/2016 D,,,10,0,4
Antigua and Barbuda,ATG,Americas,Latin America and the Caribbean,2.1,165,9,,,,,,,,,,3.8,100,6,47.7960542251904,102,6,0.851,141,8,,,,,,,30,58,3,,,,61.7,23,2,,,,,,,,,,,,,,country-specific survey year,,,6,0,1
Argentina,ARG,Americas,Latin America and the Caribbean,3.7,94,5,,,,,,,,,,15.72,31,2,50.3761630446415,116,7,0.865,147,8,0.001469295,103,10,6.4,88,9,54.4,158,9,0.791,133,8,41.9,130,10,,,,,,,,,,,,,6.4,2019/2020 M,,,9,0,1
Armenia,ARM,Asia,Western Asia,3.4,108,6,,,,,,,,,,1.91,155,8,53.1622770127216,131,7,0.811,124,7,6.90069e-4,107,10,,,,61.8,178,10,0.762,124,7,49.4,87,7,,,,,,,,,,,,,<5,2015/2016 D,,,8,0,0
Australia,AUS,Oceania,Australia and New Zealand,2.4,157,9,,,,,,,,,,21.9,23,2,67.9174446136499,181,10,0.958,186,10,,,,,,,71.1,192,10,0.896,166,10,,,,,,,,,,,,,,,,,country-specific survey year,,,6,0,1
Austria,AUT,Europe,Western Europe,2.4,157,9,,,,,,,,,,1.31,168,9,67.7973086151723,179,10,0.93,172,9,,,,,,,56.9,168,9,0.898,168,10,,,,,,,,,,,,,,,,,country-specific survey year,,,6,0,0
Azerbaijan,AZE,Asia,Western Asia,4.8,63,4,,,,,,,,,,2.4,142,8,50.1378103917525,115,7,0.789,112,6,6.6115e-4,108,10,5.6,95,10,34.7,92,5,0.653,71,4,46.9,100,7,,,,,,,,,,0.7941105769845427,39,9,5.6,2023 M,,,10,0,0
Bahamas,BHS,Americas,Latin America and the Caribbean,2.5,148,8,,,,,,,,,,4.44,90,5,48.7101343269962,108,6,0.82,128,7,,,,,,,30.1,59,4,,,,59.9,33,3,,,,,,,,,,,,,,country-specific survey year,,,6,0,0
Bahrain,BHR,Asia,Western Asia,1.7,182,10,,,,,,,,,,0.87,185,10,48.3281316259196,105,6,0.899,156,9,,,,,,,36.3,101,6,0.765,125,8,60.4,30,3,,,,,,,,,,,,,,country-specific survey year,,,7,0,0
Bangladesh,BGD,Asia,Southern Asia,6.2,25,2,6.8,33,5,67.26457070000001,21,8,-1.87758026295409,41,7,26.71,11,1,37.0371901896596,31,2,0.685,63,4,0.06650907,52,5,19.2,39,4,35.5,99,6,0.526,27,2,52.4,73,6,2,,,5.732426696233371,26,7,,,,0.7094135017310507,15,4,19.2,2022 D,Moderate,2,14,1,4
Barbados,BRB,Americas,Latin America and the Caribbean,2.2,164,9,,,,,,,,,,2.89,127,7,58.6197695611597,155,9,0.811,124,7,,,,,,,34.9,96,5,0.807,138,8,57.9,45,4,,,,,,,,,,,,,,country-specific survey year,,,7,0,0
Belarus,BLR,Europe,Eastern Europe,2.6,138,8,,,,,,,,,,0.72,186,10,53.9591056271048,137,8,0.824,129,7,,,,,,,43.9,131,7,0.739,114,7,,,,,,,,,,,,,,,,<5,country-specific survey year,,,6,0,0
Belgium,BEL,Europe,Western Europe,2.6,138,8,,,,,,,,,,5.8,81,5,61.9666701999904,163,9,0.951,184,10,,,,,,,59.3,172,9,0.912,171,10,,,,,,,,,,,,,,,,,country-specific survey year,,,6,0,0
Belize,BLZ,Americas,Latin America and the Caribbean,3.8,90,5,,,,,,,,,,7.31,68,4,44.1644599866962,77,5,0.721,78,5,0.017108831,72,7,,,,29.7,55,3,0.667,77,5,53,70,5,,,,,,,,,,,,,,2015/2016 M,,,8,0,0
Benin,BEN,Africa,Sub-Saharan Africa,5.6,35,2,4.6,53,9,,,,,,,1.62,162,9,39.424476659533,46,3,0.515,21,2,0.2895098,16,2,25.9,19,2,25.4,23,2,0.587,43,3,49.6,84,6,2,,,,,,,,,0.6677689991848471,6,2,25.9,2021/2022 M,Moderate,2,11,0,6
Bhutan,BTN,Asia,Southern Asia,2.9,124,7,,,,,,,,,,1.11,176,10,44.3071309860562,78,5,0.698,69,4,0.0386035,55,5,,,,39.8,116,6,0.673,83,5,41.8,131,10,2,,,,,,,,,,,,,2022 N,Moderate,2,8,0,0
Bolivarian Republic of Venezuela,VEN,Americas,Latin America and the Caribbean,5.9,28,2,,,,36.9215895,3,1,-2.04464773136135,34,6,22.12,22,2,42.2963082122276,61,4,0.709,73,4,,,,9.6,75,8,20.9,9,1,0.638,64,4,48.4,92,7,,,,5.563842259430867,30,8,,,,,,,9.6,country-specific survey year,,,11,2,4
Bosnia and Herzegovina,BIH,Europe,Southern Europe,3.6,98,6,,,,,,,,,,2.49,140,8,49.9908399578699,114,6,0.804,120,7,,,,,,,35.4,98,6,0.753,121,7,,,,,,,,,,,,,,,,<5,country-specific survey year,,,6,0,0
Botswana,BWA,Africa,Sub-Saharan Africa,3.3,110,6,,,,,,,,,,1.25,172,9,44.9869075517993,80,5,0.731,82,5,0.072638699,49,5,21.8,31,4,33.6,85,5,0.658,73,5,64.2,13,1,,,,,,,,,,,,,21.8,2015/2016 N,,,9,1,1
Brazil,BRA,Americas,Latin America and the Caribbean,5.1,54,3,5.3,49,8,,,,,,,13.8,39,2,50.7341623497791,119,7,0.786,109,6,0.016346041,73,7,6.4,88,9,51.2,151,8,0.632,63,4,41.1,134,10,,,,,,,,,,,,,6.4,2015 N,,,10,0,1
Brunei Darussalam,BRN,Asia,South-eastern Asia,2.3,159,9,,,,,,,,,,1.31,168,9,49.6410101353225,111,6,0.837,133,7,,,,,,,43.5,130,7,,,,52.9,71,5,,,,,,,,,,,,,,country-specific survey year,,,6,0,0
Bulgaria,BGR,Europe,Eastern Europe,2.6,138,8,,,,,,,,,,2.23,148,8,56.2547705636806,145,8,0.845,138,8,,,,,,,59.9,174,9,0.814,141,8,,,,,,,,,,,,,,,,<5,country-specific survey year,,,6,0,0
Burkina Faso,BFA,Africa,Sub-Saharan Africa,7.2,12,1,8.3,17,3,47.0282938,9,3,-2.28659364244036,30,5,2.04,152,8,37.3845357121768,33,2,0.459,8,1,0.342892,10,1,22.9,26,3,29.8,56,3,0.507,21,2,58.1,42,3,2,,,5.78452607377735,24,7,,,,0.7721651798501777,31,7,22.9,2021 D,Moderate,2,14,3,5
Burundi,BDI,Africa,Sub-Saharan Africa,6.4,21,2,4.9,52,8,,,,-3.13496320918022,12,2,3.04,120,7,31.9629284177741,9,1,0.439,7,1,0.408861094,4,1,,,,22.1,14,1,0.407,8,1,61.7,23,2,3,,,5.9211224744397795,19,5,,,,0.7913237435796315,36,8,35–49.9*,2016/2017 D,High,3,12,5,8
Cambodia,KHM,Asia,South-eastern Asia,5.1,54,3,,,,,,,-1.86507713521552,42,7,8.14,64,4,42.4479120334607,64,4,0.606,43,3,0.070367915,50,5,14.9,51,6,31.1,68,4,0.667,77,5,49,89,7,1,,,,,,,,,,,,14.9,2021/2022 D,Low,1,10,0,0
Cameroon,CMR,Africa,Sub-Saharan Africa,6.8,18,1,8.2,19,3,47.476237,10,4,-2.75085698401302,18,3,11.19,48,3,39.897535799787,47,3,0.588,39,2,0.232060113,22,2,17.1,46,5,28.6,45,3,0.451,11,1,44.8,114,8,3,,,5.866293090132865,22,6,,,,0.7490420365613818,25,6,17.1,2018 D,High,3,14,2,4
Canada,CAN,Americas,Northern America,2.8,130,7,,,,,,,,,,19.88,25,2,68.0499815199613,182,10,0.939,178,10,,,,,,,69.8,190,10,0.885,162,10,,,,,,,,,,,,,,,,,country-specific survey year,,,6,0,1
Cape Verde,CPV,Africa,Sub-Saharan Africa,2.6,138,8,,,,,,,,,,1.16,175,10,45.1472624977326,83,5,0.668,59,4,,,,9.4,76,8,34.1,88,5,0.741,118,7,60.5,29,2,2,,,,,,,,,,,,9.4,country-specific survey year,Moderate,2,8,0,1
Central African Republic,CAF,Africa,Sub-Saharan Africa,7.6,9,1,8.1,20,3,77.15840440000001,24,9,-4.05336651683895,6,1,3.41,107,6,27.4280077188519,4,1,0.414,3,1,0.461347524,3,1,33.4,8,1,18.6,7,1,0.362,3,1,52,77,6,3,,,6.386584010498504,13,4,,,,0.6792874560241812,9,2,33.4,2018/2019 M,High,3,14,8,9
Chad,TCD,Africa,Sub-Saharan Africa,7.9,5,1,8.3,17,3,49.6548386,12,5,-3.84558664245733,7,1,2.91,125,7,26.4154174433051,1,1,0.416,4,1,0.517011207,1,1,34.8,6,1,23.9,16,1,0.476,17,1,69.4,4,1,3,,,6.18422651364169,14,4,,,,0.6827503544641654,11,3,34.8,2019 M,High,3,14,9,9
Chile,CHL,Americas,Latin America and the Caribbean,3.3,110,6,5,51,8,,,,,,,14.27,38,2,60.0737434832314,157,9,0.878,149,8,,,,,,,56.2,166,9,0.739,114,7,48.4,92,7,,,,,,,,,,,,,<5,country-specific survey year,,,8,0,1
China,CHN,Asia,Eastern Asia,2.9,124,7,,,,,,,,,,30.62,9,1,53.0425382771277,130,7,0.797,116,6,0.016066725,74,7,,,,47.5,142,8,0.685,89,5,46.1,107,8,,,,,,,,,,,,,<5,2014 N,,,8,1,1
Colombia,COL,Americas,Latin America and the Caribbean,5.3,46,3,8.6,11,2,43.1432086,6,2,,,,39.26,4,1,50.4540648013757,117,7,0.788,111,6,0.019657273,70,7,6.1,92,10,53.2,156,9,0.551,33,2,40.4,136,10,,,,5.944381146667851,17,5,,,,0.7792938020227154,34,8,6.1,2015/2016 D,,,13,1,4
Comoros,COM,Africa,Sub-Saharan Africa,3.3,110,6,,,,,,,-2.2627677637927,31,5,2.69,134,7,38.4546012232657,41,3,0.603,42,3,0.0842989,46,5,17.2,45,5,24.9,19,1,0.59,46,3,60.3,31,3,3,,,,,,,,,,,,17.2,2022 M,High,3,10,1,1
Costa Rica,CRI,Americas,Latin America and the Caribbean,3.7,94,5,,,,,,,,,,11.32,47,3,54.4821526574966,138,8,0.833,131,7,0.002006301,99,9,,,,40.8,120,7,0.824,145,9,46.5,102,8,,,,,,,,,,,,,<5,2018 M,,,8,0,0
Cote d'Ivoire,CIV,Africa,Sub-Saharan Africa,5.3,46,3,4.3,55,9,,,,-1.29269691853799,56,10,1.86,157,9,40.994997058513,53,3,0.582,36,2,0.2102151,29,3,20.4,35,4,31.2,69,4,0.589,45,3,42.6,126,9,2,,,,,,,,,0.7263204340299008,19,5,20.4,2021 D,Moderate,2,12,0,1
Croatia,HRV,Europe,Southern Europe,2.5,148,8,,,,,,,,,,4.89,85,5,57.1480608511183,149,8,0.889,152,8,,,,,,,48.8,146,8,0.788,132,8,,,,,,,,,,,,,,,,<5,country-specific survey year,,,6,0,0
Cuba,CUB,Americas,Latin America and the Caribbean,3.5,102,6,6.9,31,5,,,,,,,6.92,70,4,43.448317920802,68,4,0.762,97,6,0.002688705,96,9,,,,30.5,65,4,,,,46.6,101,8,,,,,,,,,,,,,,2019 M,,,8,0,0
Cyprus,CYP,Asia,Western Asia,2.9,124,7,,,,,,,,,,3.36,110,6,57.474456323676,152,8,0.913,161,9,,,,,,,41.9,124,7,0.77,127,8,,,,,,,,,,,,,,,,,country-specific survey year,,,6,0,0
Czech Republic,CZE,Europe,Eastern Europe,1.9,174,10,,,,,,,,,,1.17,174,9,65.0870356874886,172,10,0.915,163,9,,,,,,,52.8,155,8,0.832,146,9,,,,,,,,,,,,,,,,,country-specific survey year,,,6,0,0
Democratic People's Republic of Korea,PRK,Asia,Eastern Asia,3.7,94,5,,,,,,,-1.98953587592157,37,6,11.7,43,3,43.3325718135095,67,4,,,,,,,,,,16.1,2,1,,,,41,135,10,,,,,,,,,,,,,20–34.9*,country-specific survey year,,,6,1,1
Democratic Republic of Congo,COD,Africa,Sub-Saharan Africa,8,4,1,9.2,4,1,47.0236001,8,3,-4.26574610570421,5,1,9.68,56,3,30.3675514137829,6,1,0.522,23,2,0.331188736,13,2,37.5,2,1,26.1,27,2,0.405,7,1,54.6,60,5,2,,,7.058653623478662,5,2,,,,0.7356400260869002,20,5,37.5,2017/2018 M,Moderate,2,14,6,10
Denmark,DNK,Europe,Northern Europe,1.3,188,10,,,,,,,,,,1.07,178,10,68.278015944235,183,10,0.962,189,10,,,,,,,64.4,182,10,0.939,177,10,,,,,,,,,,,,,,,,,country-specific survey year,,,6,0,0
Djibouti,DJI,Africa,Sub-Saharan Africa,5.5,40,3,6.3,36,6,,,,-2.01985240643819,36,6,10.03,55,3,36.4415690554014,27,2,0.513,19,1,,,,21.9,30,3,25.2,21,2,0.56,36,2,70.8,3,1,4,,,,,,,,,,,,21.9,country-specific survey year,In debt distress,4,10,2,5
Dominica,DMA,Americas,Latin America and the Caribbean,2.6,138,8,,,,,,,,,,2.73,131,7,58.4977740586559,154,9,0.761,96,5,,,,,,,26.4,33,2,,,,55.4,54,4,2,,,,,,,,,,,,,country-specific survey year,Moderate,2,6,0,1
Dominican Republic,DOM,Americas,Latin America and the Caribbean,4.9,60,4,4.2,58,9,,,,,,,13.47,41,3,46.7404770923459,91,5,0.776,103,6,0.008786189,80,8,6.4,88,9,34.5,91,5,0.675,85,5,45.1,113,8,,,,,,,,,,,,,6.4,2019 M,,,10,0,0
Ecuador,ECU,Americas,Latin America and the Caribbean,5.6,35,2,7,28,5,,,,,,,24.14,18,1,43.6118969802999,70,4,0.777,106,6,0.007937439,82,8,10.9,66,7,50.8,150,8,0.612,55,4,45.5,111,8,,,,,,,,,,,,,10.9,2018 N,,,10,1,2
Egypt,EGY,Africa,Northern Africa,5,59,4,5.7,43,7,,,,,,,18.91,26,2,45.4233042363215,85,5,0.754,93,5,0.019681797,69,7,10.5,67,7,28,41,3,0.617,57,4,58.5,40,3,,,,,,,,,,,,,10.5,2014 D,,,10,0,1
El Salvador,SLV,Americas,Latin America and the Caribbean,4.2,79,5,5.7,43,7,33.4775867,1,1,,,,14.41,36,2,43.8050282283112,73,4,0.678,62,4,0.032462509,59,6,7.6,82,9,40.8,120,7,0.691,95,6,52.7,72,6,,,,4.611800219148136,37,10,,,,,,,7.6,2014 M,,,12,1,2
Equatorial Guinea,GNQ,Africa,Sub-Saharan Africa,3.5,102,6,,,,,,,-2.84328420181668,15,3,3.36,110,6,35.5531729466106,20,2,0.674,60,4,,,,,,,17.4,5,1,,,,52.2,75,6,,,,,,,,,,,,,,country-specific survey year,,,7,1,2
Eritrea,ERI,Africa,Sub-Saharan Africa,4.8,63,4,6.5,35,6,,,,-2.96377122573912,13,2,6.03,77,4,27.3600545962195,3,1,0.503,16,1,,,,,,,21.4,11,1,,,,63.2,16,2,,,,,,,,,,,,,,country-specific survey year,No current DSA,,8,3,5
Estonia,EST,Europe,Northern Europe,1.9,174,10,,,,,,,,,,1.84,158,9,62.4077150777355,165,9,0.905,158,9,,,,,,,55.5,164,9,0.896,166,10,,,,,,,,,,,,,,,,<5,country-specific survey year,,,6,0,0
Eswatini,SWZ,Africa,Sub-Saharan Africa,4.3,75,4,,,,,,,-2.03986763088555,35,6,1.76,159,9,40.9496004885107,52,3,0.695,67,4,0.0326488,58,6,15.9,47,5,29.3,53,3,0.556,34,2,57.3,47,4,,,,,,,,,,,,,15.9,2021/2022 M,,,10,0,1
Ethiopia,ETH,Africa,Sub-Saharan Africa,7,16,1,8.6,11,2,,,,-1.53150952011897,49,8,4.87,86,5,37.7232939695768,36,2,0.497,14,1,0.366604242,8,1,24.4,24,3,37.8,107,6,0.516,26,2,55.2,55,4,4,,,6.521348236500277,11,3,,,,0.7394255820356666,21,5,24.4,2019 D,In debt distress,4,13,3,6
Federated States of Micronesia,FSM,Oceania,Micronesia,3.3,110,6,,,,,,,,,,4.17,97,5,37.002707724195,30,2,0.615,45,3,,,,,,,28.5,43,3,0.648,68,4,64,14,1,2,,,,,,,,,,,,,country-specific survey year,Moderate,2,7,1,2
Fiji,FJI,Oceania,Melanesia,3.1,118,7,,,,,,,,,,6.87,72,4,47.4543505010295,96,6,0.731,82,5,0.005757663,87,8,9.9,72,8,25.8,25,2,0.731,111,7,51.7,79,6,,,,,,,,,,,,,9.9,2021 M,,,9,0,1
Finland,FIN,Europe,Northern Europe,1.9,174,10,,,,,,,,,,1.6,163,9,71.0954088884681,189,10,0.948,182,10,,,,,,,70.9,191,10,0.921,173,10,,,,,,,,,,,,,,,,,country-specific survey year,,,6,0,0
France,FRA,Europe,Western Europe,2.6,138,8,,,,,,,,,,7.75,66,4,65.9104128753522,175,10,0.92,168,9,,,,,,,61.9,179,10,0.864,154,9,,,,,,,,,,,,,,,,,country-specific survey year,,,6,0,0
Gabon,GAB,Africa,Sub-Saharan Africa,3.7,94,5,,,,,,,-1.61939568096508,47,8,6.18,75,4,42.6248238880957,65,4,0.733,84,5,0.0366567,56,6,18.8,41,5,21.8,13,1,0.679,87,5,42.5,127,9,,,,,,,,,,,,,18.8,2019/2021 D,,,10,1,1
Gambia,GMB,Africa,Sub-Saharan Africa,4.6,67,4,,,,,,,-1.27030704963972,57,10,4.43,91,5,36.0842884164257,25,2,0.524,24,2,0.198023065,32,3,17.3,43,5,28.7,46,3,0.528,29,2,59.1,37,3,3,,,,,,,,,,,,17.3,2019/2020 D,High,3,10,0,3
Georgia,GEO,Asia,Western Asia,3.5,102,6,,,,,,,,,,3.8,100,6,55.2646549006818,143,8,0.844,137,8,0.0012446,105,10,,,,52.6,154,8,0.798,135,8,38.6,141,10,,,,,,,,,,0.8039640405480649,41,10,<5,2018 M,,,9,0,0
Germany,DEU,Europe,Western Europe,2.6,138,8,,,,,,,,,,4.28,95,5,69.234606384822,188,10,0.959,187,10,,,,,,,65.5,186,10,0.869,157,9,,,,,,,,,,,,,,,,,country-specific survey year,,,6,0,0
Ghana,GHA,Africa,Sub-Saharan Africa,4.6,67,4,,,,,,,,,,3.19,115,6,45.1072157517617,82,5,0.628,50,3,0.1127846,41,4,13.1,59,6,34.3,90,5,0.639,65,4,44.1,117,9,3,,,,,,,,,,,,13.1,2022 D,High,3,9,0,0
Greece,GRC,Europe,Southern Europe,3,120,7,4.3,55,9,,,,,,,9.02,63,4,60.4158335966547,160,9,0.908,160,9,,,,,,,51.5,152,8,0.752,120,7,,,,,,,,,,,,,,,,,country-specific survey year,,,7,0,0
Grenada,GRD,Americas,Latin America and the Caribbean,2.8,130,7,,,,,,,,,,2.02,153,8,55.160635741955,142,8,0.791,114,6,,,,,,,26.7,37,2,0.787,130,8,61.7,23,2,4,,,,,,,,,,,,,country-specific survey year,In debt distress,4,7,0,2
Guatemala,GTM,Americas,Latin America and the Caribbean,5.8,30,2,7.3,25,4,43.9232761,7,3,-1.47599111268248,50,9,11.36,45,3,43.6421754854711,71,4,0.662,57,3,0.13351782,38,4,18,42,5,29.1,51,3,0.561,37,3,44.7,115,9,,,,5.365569521520433,33,9,,,,0.764123601248912,27,6,18.0,2014/2015 D,,,14,0,1
Guinea,GIN,Africa,Sub-Saharan Africa,5.4,43,3,,,,,,,-2.53407525633295,25,4,6.92,70,4,40.6955300655137,51,3,0.5,15,1,0.373221634,7,1,23.7,25,3,26.8,38,2,0.527,28,2,47.7,96,7,2,,,,,,,,,,,,23.7,2018 D,Moderate,2,10,2,4
Guinea-Bissau,GNB,Africa,Sub-Saharan Africa,4.3,75,4,,,,,,,-2.18115650107075,33,6,3.15,117,7,32.7032903614811,10,1,0.514,20,1,0.340688723,11,1,25.4,23,3,21.4,11,1,0.508,23,2,58.8,39,3,3,,,,,,,,,,,,25.4,2018/2019 M,High,3,10,4,5
Guyana,GUY,Americas,Latin America and the Caribbean,3.9,87,5,,,,,,,,,,6.4,73,4,45.9238539955804,88,5,0.776,103,6,0.007164709,85,8,8.3,79,8,30.8,66,4,0.77,127,8,46.4,104,8,,,,,,,,,,,,,8.3,2019/2020 M,,,9,0,0
Haiti,HTI,Americas,Latin America and the Caribbean,7.5,10,1,8.9,9,2,37.4633878,4,2,-3.61897182456243,9,2,10.06,54,3,33.2698958650802,13,1,0.554,28,2,0.199587694,30,3,35.7,5,1,30.4,61,4,0.399,6,1,65.6,10,1,3,,,6.799974409142457,8,2,,,,,,,35.7,2016/2017 D,High,3,13,5,10
Holy See,VAT,Europe,Southern Europe,,,,,,,,,,,,,,,,,,,,,,,,,,,,,,,,,,,,,,,,,,,,,,,,,,country-specific survey year,,,0,0,0
Honduras,HND,Americas,Latin America and the Caribbean,5.6,35,2,6.8,33,5,35.9235555,2,1,,,,17.78,28,2,41.3281279885706,55,3,0.645,55,3,0.051154169,53,5,12.5,62,7,26.2,28,2,0.561,37,3,48.2,94,7,1,,,5.651654736825382,29,8,,,,0.7409873064368707,22,5,12.5,2019 M,Low,1,13,1,4
Hungary,HUN,Europe,Eastern Europe,2.3,159,9,,,,,,,,,,0.91,182,10,57.4104682587766,151,8,0.87,148,8,,,,,,,54.4,158,9,0.832,146,9,,,,,,,,,,,,,,,,<5,country-specific survey year,,,6,0,0
Iceland,ISL,Europe,Northern Europe,1.6,184,10,,,,,,,,,,2.34,144,8,64.6863765756517,171,9,0.972,192,10,,,,,,,48.5,144,8,0.932,176,10,,,,,,,,,,,,,,,,,country-specific survey year,,,6,0,0
India,IND,Asia,Southern Asia,5.3,46,3,,,,,,,,,,40.73,2,1,44.361091057786,79,5,0.685,63,4,0.068810564,51,5,25.8,22,3,42.8,127,7,0.607,50,3,46,108,8,,,,,,,,,,0.6960345591997242,12,3,25.8,2019/2021 D,,,10,1,1
Indonesia,IDN,Asia,South-eastern Asia,4.6,67,4,5.4,48,8,,,,,,,39.8,3,1,48.3473209125884,106,6,0.728,81,5,0.014010749,76,7,14.6,53,6,50.4,149,8,0.678,86,5,32.1,142,10,,,,,,,,,,0.7924357824026943,38,9,14.6,2017 D,,,11,1,1
Iran (Islamic Republic of),IRN,Asia,Southern Asia,5.9,28,2,8.6,11,2,,,,-1.44069846830691,52,9,16.3,29,2,47.5133703595504,98,6,0.799,119,7,,,,7.4,84,9,36.5,103,6,0.608,52,3,55.7,53,4,,,,,,,,,,,,,7.4,country-specific survey year,,,10,0,3
Iraq,IRQ,Asia,Western Asia,5.8,30,2,6.9,31,5,,,,-2.82368605893254,16,3,9.06,61,4,35.6492762465655,21,2,0.695,67,4,0.032694322,57,6,12.8,60,7,24,17,1,0.51,24,2,60.7,27,2,,,,5.475827125834961,31,8,,,,0.791779756007221,37,9,12.8,2018 M,,,13,1,5
Ireland,IRL,Europe,Northern Europe,2.3,159,9,,,,,,,,,,3.25,113,6,64.3546686021055,169,9,0.949,183,10,,,,,,,55.3,163,9,0.891,165,10,,,,,,,,,,,,,,,,,country-specific survey year,,,6,0,0
Israel,ISR,Asia,Western Asia,3.2,115,6,,,,,,,,,,3.69,103,6,59.7632608464339,156,9,0.919,167,9,,,,,,,47.2,141,8,0.697,97,6,,,,,,,,,,,,,,,,,country-specific survey year,,,6,0,0
Italy,ITA,Europe,Southern Europe,3,120,7,4,60,10,,,,,,,11.34,46,3,62.1606232900085,164,9,0.915,163,9,,,,,,,51.9,153,8,0.811,140,8,,,,,,,,,,,,,,,,,country-specific survey year,,,7,0,0
Jamaica,JAM,Americas,Latin America and the Caribbean,3.8,90,5,,,,,,,,,,3.97,99,6,47.5274917517176,99,6,0.72,75,4,0.010810292,79,8,8,80,9,31.8,73,4,0.703,102,6,49.6,84,6,,,,,,,,,,,,,8.0,2018 N,,,9,0,0
Japan,JPN,Asia,Eastern Asia,2.1,165,9,,,,,,,,,,24.81,17,1,65.7182335946762,173,10,0.925,171,9,,,,,,,60.5,176,10,0.866,156,9,,,,,,,,,,,,,,,,,country-specific survey year,,,6,1,1
Jordan,JOR,Asia,Western Asia,4.4,74,4,5.7,43,7,,,,,,,3.21,114,6,49.9245290341208,113,6,0.754,93,5,0.00277356,94,9,10.3,70,8,42.8,127,7,0.686,94,6,60.6,28,2,,,,,,,,,,,,,10.3,2023 D,,,10,0,1
Kazakhstan,KAZ,Asia,Central Asia,2.8,130,7,,,,,,,,,,1.73,161,9,56.4373504028148,147,8,0.837,133,7,0.001610633,102,10,,,,46.1,139,8,0.722,108,7,43,124,9,,,,,,,,,,,,,<5,2015 M,,,8,0,0
Kenya,KEN,Africa,Sub-Saharan Africa,6.2,25,2,7.1,27,5,,,,-1.20591566841734,59,10,13.72,40,3,39.2940346303106,44,3,0.628,50,3,0.113352,40,4,25.9,19,2,38.8,110,6,0.542,30,2,57,48,4,3,,,5.446190495937993,32,9,,,,0.7051096698200335,13,3,25.9,2022 D,High,3,13,0,3
Kiribati,KIR,Oceania,Micronesia,3.6,98,6,,,,,,,,,,2.8,130,7,42.2900642541548,60,4,0.644,54,3,0.080157405,48,5,,,,26.2,28,2,0.652,70,4,59.8,35,3,3,,,,,,,,,,,,,2018/2019 M,High,3,8,0,1
Kuwait,KWT,Asia,Western Asia,2.8,130,7,,,,,,,,,,2.42,141,8,49.1509306760578,109,6,0.852,142,8,,,,,,,36.8,105,6,0.723,109,7,64,14,1,,,,,,,,,,,,,<5,country-specific survey year,,,7,1,1
Kyrgyzstan,KGZ,Asia,Central Asia,3.9,87,5,,,,,,,,,,2.72,132,7,51.3985641122882,122,7,0.72,75,4,0.00342021,91,9,8,80,9,42.4,126,7,0.697,97,6,43.5,121,9,2,,,,,,,,,,,,8.0,2023 M,Moderate,2,9,0,0
Lao People's Democratic Republic,LAO,Asia,South-eastern Asia,3.8,90,5,,,,,,,-1.54012337652511,48,8,3,122,7,42.368099805248,63,4,0.617,47,3,0.08248735,47,5,,,,34.8,95,5,0.698,99,6,43.8,119,9,4,,,,,,,,,,,,10–19.9*,2023 M,In debt distress,4,9,0,0
Latvia,LVA,Europe,Northern Europe,2.6,138,8,,,,,,,,,,3.18,116,6,60.0960158668909,158,9,0.889,152,8,,,,,,,61.9,179,10,0.884,160,9,,,,,,,,,,,,,,,,<5,country-specific survey year,,,6,0,0
Lebanon,LBN,Asia,Western Asia,6.3,23,2,8,21,4,81.7075999,26,10,-1.37643430307238,53,9,4.29,94,5,43.7473004543284,72,4,0.752,92,5,,,,8.5,78,8,33.4,83,5,0.575,41,3,62.6,18,2,,,,5.762256125905225,25,7,,,,,,,8.5,country-specific survey year,,,12,0,2
Lesotho,LSO,Africa,Sub-Saharan Africa,4.2,79,5,,,,,,,,,,1.41,167,9,38.3763105030762,40,3,0.55,27,2,0.10604715,44,4,,,,30.9,67,4,0.614,56,4,62.4,20,2,2,,,,,,,,,,,,20–34.9*,2023/2024 D,Moderate,2,8,0,2
Liberia,LBR,Africa,Sub-Saharan Africa,5.3,46,3,,,,,,,-2.45931373782678,26,5,3.64,105,6,35.7268961812606,22,2,0.51,17,1,0.259293731,21,2,30,12,2,35.7,100,6,0.512,25,2,61.8,21,2,2,,,,,,,,,,,,30.0,2019/2020 D,Moderate,2,10,1,6
Libyan Arab Jamahiriya,LBY,Africa,Northern Africa,5.8,30,2,7.3,25,4,,,,-2.89620338557164,14,3,15.69,32,2,39.9788666595835,48,3,0.721,78,5,0.007421465,84,8,13.9,55,6,25.3,22,2,0.608,52,3,61.7,23,2,,,,5.004250814460956,36,10,,,,0.7162160400303225,16,4,13.9,2014 P,,,13,0,4
Liechtenstein,LIE,Europe,Western Europe,1,189,10,,,,,,,,,,0.68,187,10,,,,0.938,175,10,,,,,,,46.4,140,8,,,,,,,,,,,,,,,,,,,,country-specific survey year,,,4,0,0
Lithuania,LTU,Europe,Northern Europe,2.1,165,9,,,,,,,,,,2.32,145,8,60.2466041172852,159,9,0.895,155,9,,,,,,,59.5,173,9,0.887,163,10,,,,,,,,,,,,,,,,<5,country-specific survey year,,,6,0,0
Luxembourg,LUX,Europe,Western Europe,1,189,10,,,,,,,,,,0.57,190,10,65.956152237879,176,10,0.922,169,9,,,,,,,48.4,143,8,0.918,172,10,,,,,,,,,,,,,,,,,country-specific survey year,,,6,0,0
Madagascar,MDG,Africa,Sub-Saharan Africa,5.8,30,2,6.2,37,6,,,,-2.80085413775646,17,3,23.68,19,1,34.9940877250898,17,1,0.487,11,1,0.385927412,5,1,35.8,4,1,30.4,61,4,0.466,14,1,49.6,84,6,2,,,5.9339742696451365,18,5,,,,,,,35.8,2021 D,Moderate,2,12,6,7
Malawi,MWI,Africa,Sub-Saharan Africa,5.4,43,3,7,28,5,49.9145586,14,5,-1.22169006597316,58,10,3.38,108,6,35.7279794043021,23,2,0.517,22,2,0.231095204,24,3,22,29,3,28.5,43,3,0.549,32,2,53.7,66,5,4,,,5.669646275744556,28,8,,,,,,,22.0,2019/2020 M,In debt distress,4,13,0,3
Malaysia,MYS,Asia,South-eastern Asia,3.6,98,6,3.7,62,10,,,,,,,14.28,37,2,54.9811996366288,140,8,0.819,127,7,,,,13.6,56,6,56.4,167,9,0.738,113,7,39.4,138,10,,,,,,,,,,,,,13.6,country-specific survey year,,,9,0,1
Maldives,MDV,Asia,Southern Asia,2.1,165,9,,,,,,,,,,1.04,179,10,43.5551805226766,69,4,0.766,100,6,0.002654094,97,9,,,,32,76,4,0.704,103,6,72.2,2,1,3,,,,,,,,,,,,,2016/2017 D,High,3,8,1,1
Mali,MLI,Africa,Sub-Saharan Africa,7.1,13,1,8.6,11,2,40.630085300000005,5,2,-2.60251000355113,22,4,2.24,146,8,34.0673137297621,16,1,0.419,5,1,0.376062922,6,1,22.3,28,3,29,50,3,0.478,18,1,56.4,51,4,2,,,6.463838178931839,12,3,,,,0.7861555551561081,35,8,22.3,2018 D,Moderate,2,14,5,7
Malta,MLT,Europe,Southern Europe,1.7,182,10,,,,,,,,,,1.04,179,10,56.7935630293517,148,8,0.924,170,9,,,,,,,40.2,117,7,0.841,149,9,,,,,,,,,,,,,,,,,country-specific survey year,,,6,0,0
Marshall Islands,MHL,Oceania,Micronesia,3.5,102,6,,,,,,,,,,2.52,139,8,46.052302699253,89,5,0.733,84,5,,,,,,,24.6,18,1,0.67,81,5,58.9,38,3,2,,,,,,,,,,,,,country-specific survey year,Moderate,2,7,1,1
Mauritania,MRT,Africa,Sub-Saharan Africa,5.5,40,3,5.9,41,7,,,,-1.98186377531001,38,7,9.06,61,4,31.9032241290084,8,1,0.563,31,2,0.327037248,14,2,19.9,38,4,26.2,28,2,0.475,16,1,67.7,7,1,2,,,,,,,,,,,,19.9,2019/2021 D,Moderate,2,11,3,6
Mauritius,MUS,Africa,Sub-Saharan Africa,2.1,165,9,,,,,,,,,,3.48,106,6,51.1879762423153,121,7,0.806,121,7,,,,13.4,57,6,39.7,115,6,0.679,87,5,52.2,75,6,,,,,,,,,,,,,13.4,country-specific survey year,,,8,0,0
Mexico,MEX,Americas,Latin America and the Caribbean,4.8,63,4,5.8,42,7,,,,,,,38.96,5,1,47.5747022395473,100,6,0.789,112,6,0.01989472,68,7,6,93,10,57,169,9,0.558,35,2,42,129,10,,,,,,,,,,0.748521135511676,24,6,6.0,2023 N,,,11,1,2
Monaco,MCO,Europe,Western Europe,,,,,,,,,,,,,0.18,193,10,66.2250919633221,177,10,,,,,,,,,,33.3,82,5,,,,,,,,,,,,,,,,,,,,country-specific survey year,,,3,0,0
Mongolia,MNG,Asia,Eastern Asia,2.8,130,7,,,,,,,,,,1.96,154,8,49.6769883747084,112,6,0.747,90,5,0.02812682,61,6,5.1,97,10,41,122,7,0.799,136,8,49.9,82,6,,,,,,,,,,,,,5.1,2018 M,,,9,0,0
Montenegro,MNE,Europe,Southern Europe,2.6,138,8,,,,,,,,,,2.86,128,7,52.100445758084,124,7,0.862,145,8,0.0048989,89,9,,,,44.1,132,7,0.743,119,7,,,,,,,,,,,,,,,,<5,2018 M,,,7,0,0
Morocco,MAR,Africa,Northern Africa,4.1,83,5,3.5,63,10,,,,,,,10.55,51,3,47.6712515519101,101,6,0.71,74,4,0.026696723,63,6,9.3,77,8,33.6,85,5,0.668,79,5,43,124,9,,,,,,,,,,,,,9.3,2017/2018 P,,,10,0,0
Mozambique,MOZ,Africa,Sub-Saharan Africa,7.1,13,1,7.5,24,4,52.683145499999995,15,6,-2.63571948647473,19,3,34.39,7,1,36.1283844933266,26,2,0.493,12,1,0.3343739,12,2,25.9,19,2,30.4,61,4,0.548,31,2,47.5,97,7,3,,,5.817772052230981,23,6,,,,0.8011825114609136,40,9,25.9,2022/2023 D,High,3,14,3,7
Myanmar,MMR,Asia,South-eastern Asia,6.9,17,1,9.5,1,1,48.221385100000006,11,4,-2.63501394619842,20,4,36.91,6,1,36.4884923826966,29,2,0.609,44,3,0.175846225,36,4,15.3,49,5,38.3,109,6,0.442,10,1,39.3,139,10,1,,,6.727577623814254,9,3,,,,0.6813688431990877,10,3,15.3,2015/2016 D,Low,1,14,4,5
Namibia,NAM,Africa,Sub-Saharan Africa,4.3,75,4,5.3,49,8,,,,,,,5.86,80,5,41.8691756483416,58,4,0.665,58,3,0.184734535,34,4,18.9,40,4,30.3,60,4,0.608,52,3,58.4,41,3,,,,,,,,,,,,,18.9,2013 D,,,10,0,0
Nauru,NRU,Oceania,Micronesia,2.1,165,9,,,,,,,,,,0.88,183,10,53.4392571830255,132,7,0.703,70,4,0.02708145,62,6,,,,18,6,1,,,,68.7,5,1,,,,,,,,,,,,,,2023 M,,,7,2,2
Nepal,NPL,Asia,Southern Asia,4.9,60,4,,,,,,,,,,2.6,137,8,41.1427672482213,54,3,0.622,49,3,0.0852044,45,5,14.8,52,6,34,87,5,0.631,62,4,45.7,110,8,1,,,,,,,,,,,,14.8,2022 D,Low,1,9,0,0
Netherlands,NLD,Europe,Western Europe,2.5,148,8,,,,,,,,,,4.33,93,5,64.395683172317,170,9,0.955,185,10,,,,,,,64.7,183,10,0.905,170,10,,,,,,,,,,,,,,,,,country-specific survey year,,,6,0,0
New Zealand,NZL,Oceania,Australia and New Zealand,1.6,184,10,,,,,,,,,,15.2,33,2,66.2469946982346,178,10,0.938,175,10,,,,,,,62.5,181,10,0.898,168,10,,,,,,,,,,,,,,,,,country-specific survey year,,,6,0,1
Nicaragua,NIC,Americas,Latin America and the Caribbean,4.5,72,4,,,,,,,-1.68468867472611,45,8,23.6,20,1,44.1104445097743,76,4,0.706,71,4,,,,,,,36.3,101,6,0.659,75,5,45.9,109,8,2,,,,,,,,,,,,10–19.9*,country-specific survey year,Moderate,2,8,1,1
Niger,NER,Africa,Sub-Saharan Africa,7.5,10,1,7.7,23,4,58.9021535,18,7,-2.20555466260957,32,6,2.17,150,8,35.40561944525,18,1,0.419,5,1,0.4703162,2,1,33.9,7,1,28.7,46,3,0.492,19,2,64.3,11,1,3,,,6.151810130743117,15,4,,,,0.7655105849757353,29,7,33.9,2021 N,High,3,14,6,7
Nigeria,NGA,Africa,Sub-Saharan Africa,7.1,13,1,8.5,16,3,59.316508899999995,19,7,-1.91226980123201,40,7,9.19,60,4,37.6045698947293,34,2,0.56,30,2,0.174817302,37,4,32.8,9,1,38,108,6,0.495,20,2,53.1,69,5,,,,5.904553662948101,20,6,,,,0.8246299593367734,42,10,32.8,2021 M,,,14,2,5
North Macedonia,MKD,Europe,Southern Europe,2.7,135,8,,,,,,,,,,1.01,181,10,52.4405381902848,126,7,0.815,126,7,0.001422063,104,10,,,,42.2,125,7,0.787,130,8,,,,,,,,,,,,,,,,<5,2018/2019 M,,,7,0,0
Norway,NOR,Europe,Northern Europe,1.9,174,10,,,,,,,,,,2.95,123,7,71.8485736536369,190,10,0.97,190,10,,,,,,,60.2,175,10,0.924,174,10,,,,,,,,,,,,,,,,,country-specific survey year,,,6,0,0
Oman,OMN,Asia,Western Asia,2.3,159,9,,,,,,,,,,7.84,65,4,49.3129946340631,110,6,0.858,144,8,,,,10.2,71,8,39.1,113,6,0.755,122,7,59.8,35,3,,,,,,,,,,,,,10.2,country-specific survey year,,,8,0,0
Pakistan,PAK,Asia,Southern Asia,6.6,19,1,7.9,22,4,,,,-2.38237216860903,27,5,26.82,10,1,39.2673406153284,43,3,0.544,26,2,0.198247395,31,3,26,18,2,30.4,61,4,0.462,13,1,59.9,33,3,,,,5.008096598076074,35,9,,,,0.6597353182872745,5,1,26.0,2017/2018 D,,,13,4,6
Palau,PLW,Oceania,Micronesia,2.1,165,9,,,,,,,,,,2.17,150,8,55.0034439173577,141,8,0.786,109,6,,,,,,,25.5,24,2,0.739,114,7,57,48,4,,,,,,,,,,,,,,country-specific survey year,,,7,0,1
Panama,PAN,Americas,Latin America and the Caribbean,4,84,5,3.8,61,10,,,,,,,18.25,27,2,47.4848347796176,97,6,0.839,135,7,,,,7.5,83,9,53.5,157,9,0.696,96,6,40.2,137,10,,,,,,,,,,,,,7.5,country-specific survey year,,,9,0,1
Papua New Guinea,PNG,Oceania,Melanesia,6.3,23,2,,,,,,,-2.62021891086083,21,4,26.51,12,1,33.6639474625082,14,1,0.576,34,2,0.2632909,20,2,31,10,1,25,20,1,0.507,21,2,47.1,99,7,3,,,,,,,,,0.7783224685916172,32,8,31.0,2016/2018 D,High,3,11,4,8
Paraguay,PRY,Americas,Latin America and the Caribbean,3.4,108,6,,,,,,,,,,1.88,156,9,47.8267692326866,103,6,0.756,95,5,0.018848581,71,7,5.2,96,10,40.3,118,7,0.768,126,8,49.9,82,6,,,,,,,,,,,,,5.2,2016 M,,,9,0,0
Peru,PER,Americas,Latin America and the Caribbean,5.2,53,3,6,39,6,,,,,,,25.81,14,1,48.2759949395045,104,6,0.794,115,6,0.02190239,67,7,7.2,85,9,54.9,162,9,0.701,100,6,39.1,140,10,,,,,,,,,,0.8567328749039564,44,10,7.2,2023 N,,,11,1,1
Philippines,PHL,Asia,South-eastern Asia,5.3,46,3,6.1,38,6,,,,,,,46.56,1,1,47.1050002824754,93,5,0.72,75,4,0.0157881,75,7,13.4,57,6,45.7,136,7,0.607,50,3,43.6,120,9,,,,4.411529333765552,38,10,,,,0.7651751330532387,28,7,13.4,2022 D,,,12,1,1
Plurinational State of Bolivia,BOL,Americas,Latin America and the Caribbean,4.6,67,4,,,,,,,,,,3.13,118,7,42.9377818523054,66,4,0.733,84,5,0.02316824,66,6,14.6,53,6,29.9,57,3,0.701,100,6,41.6,132,10,,,,,,,,,,,,,14.6,2023 N,,,9,0,0
Poland,POL,Europe,Eastern Europe,2.5,148,8,,,,,,,,,,4.92,84,5,62.7917076221965,166,9,0.906,159,9,,,,,,,55.7,165,9,0.854,151,9,,,,,,,,,,,,,,,,,country-specific survey year,,,6,0,0
Portugal,PRT,Europe,Southern Europe,1.9,174,10,,,,,,,,,,4.76,89,5,60.9850101443668,161,9,0.89,154,8,,,,,,,54.7,161,9,0.861,152,9,,,,,,,,,,,,,,,,,country-specific survey year,,,6,0,0
Qatar,QAT,Asia,Western Asia,1.4,186,10,,,,,,,,,,0.88,183,10,52.2010697915228,125,7,0.886,151,8,,,,,,,48.7,145,8,0.723,109,7,58.1,42,3,,,,,,,,,,,,,,country-specific survey year,,,7,0,0
Republic of Congo,COG,Africa,Sub-Saharan Africa,5.8,30,2,,,,,,,-3.42214069542158,11,2,4.28,95,5,33.733395140836,15,1,0.649,56,3,0.111676294,42,4,22.6,27,3,26.3,32,2,0.583,42,3,60,32,3,4,,,,,,,,,,,,22.6,2014/2015 M,In debt distress,4,10,1,4
Republic of Korea,KOR,Asia,Eastern Asia,2,173,10,,,,,,,,,,11.01,49,3,68.2909398968166,184,10,0.937,174,10,,,,,,,65.4,185,10,0.815,142,8,,,,,,,,,,,,,,,,,country-specific survey year,,,6,0,0
Republic of Moldova,MDA,Europe,Eastern Europe,3.8,90,5,,,,,,,,,,1.28,170,9,51.6986046235755,123,7,0.785,108,6,,,,5.1,97,10,41,122,7,0.821,143,9,,,,1,,,,,,,,,,,,5.1,country-specific survey year,Low,1,7,0,0
Romania,ROU,Europe,Eastern Europe,3,120,7,,,,,,,,,,3.36,110,6,55.9918467462891,144,8,0.845,138,8,,,,,,,45.7,136,7,0.801,137,8,,,,,,,,,,,,,,,,<5,country-specific survey year,,,6,0,0
Russian Federation,RUS,Europe,Eastern Europe,4,84,5,,,,,,,,,,31.22,8,1,56.3361847064656,146,8,0.832,130,7,,,,,,,49.1,147,8,0.718,105,6,,,,,,,,,,,,,0.7077127964863074,14,3,<5,country-specific survey year,,,7,1,1
Rwanda,RWA,Africa,Sub-Saharan Africa,5.1,54,3,,,,,,,-1.67135334134845,46,8,2.66,136,7,40.6073410755015,50,3,0.578,35,2,0.231001962,25,3,21.7,32,4,33.1,81,5,0.624,60,4,54.4,63,5,2,,,,,,,,,,,,21.7,2019/2020 D,Moderate,2,10,0,1
Saint Kitts and Nevis,KNA,Americas,Latin America and the Caribbean,1.9,174,10,,,,,,,,,,2.24,146,8,57.3467708255443,150,8,0.84,136,8,,,,,,,31.7,72,4,,,,55,57,4,,,,,,,,,,,,,,country-specific survey year,,,6,0,0
Saint Lucia,LCA,Americas,Latin America and the Caribbean,2.5,148,8,,,,,,,,,,2.53,138,8,53.6133904946598,134,8,0.748,91,5,,,,,,,34.7,92,5,,,,66.5,9,1,,,,,,,,,,,,,,country-specific survey year,,,6,1,1
Saint Vincent and the Grenadines,VCT,Americas,Latin America and the Caribbean,2.9,124,7,,,,,,,,,,2.72,132,7,52.7388728694789,129,7,0.798,117,7,,,,,,,33.5,84,5,,,,61.8,21,2,3,,,,,,,,,,,,,country-specific survey year,High,3,6,0,1
Samoa,WSM,Oceania,Polynesia,2.7,135,8,,,,,,,,,,3.1,119,7,40.0995583421088,49,3,0.708,72,4,0.02460049,65,6,,,,28.8,48,3,0.685,89,5,62.5,19,2,2,,,,,,,,,,,,,2019/2020 M,Moderate,2,8,0,1
San Marino,SMR,Europe,Southern Europe,,,,,,,,,,,,,0.35,191,10,,,,0.915,163,9,,,,,,,32.9,80,5,,,,,,,,,,,,,,,,,,,,country-specific survey year,,,3,0,0
Sao Tome and Principe,STP,Africa,Sub-Saharan Africa,2.5,148,8,,,,,,,,,,0.61,189,10,41.6174483396063,57,3,0.637,53,3,0.047923375,54,5,,,,26.6,36,2,0.62,58,4,53.5,67,5,4,,,,,,,,,,,,,2019 M,In debt distress,4,8,0,1
Saudi Arabia,SAU,Asia,Western Asia,2.7,135,8,,,,,,,,,,9.67,57,3,51.1188353153229,120,7,0.9,157,9,,,,5.9,94,10,44.9,133,7,0.739,114,7,55.2,55,4,,,,,,,,,,,,,5.9,country-specific survey year,,,8,0,0
Senegal,SEN,Africa,Sub-Saharan Africa,4.7,66,4,,,,,,,,,,4.87,86,5,42.3346634410842,62,4,0.53,25,2,0.22621569,26,3,15.6,48,5,32.8,79,5,0.657,72,5,46.3,106,8,2,,,,,,,,,0.6495994473997452,3,1,15.6,2023 D,Moderate,2,10,1,2
Serbia,SRB,Europe,Southern Europe,3.5,102,6,,,,,,,,,,1.75,160,9,50.4689121273324,118,7,0.833,131,7,4.33114e-4,109,10,,,,45,134,7,0.844,150,9,,,,,,,,,,,,,,,,<5,2019 M,,,7,0,0
Seychelles,SYC,Africa,Sub-Saharan Africa,1.4,186,10,,,,,,,,,,2.68,135,7,48.6772819526412,107,6,0.848,140,8,0.002963461,93,9,,,,31.8,73,4,0.81,139,8,54.5,61,5,,,,,,,,,,,,,,2019 N,,,8,0,0
Sierra Leone,SLE,Africa,Sub-Saharan Africa,5.1,54,3,,,,,,,-1.72513302346964,44,8,4.96,83,5,33.1870610952485,12,1,0.467,9,1,0.292899307,15,2,28.5,16,2,32.7,78,4,0.601,48,3,54.9,58,5,3,,,,,,,,,0.7704374409015428,30,7,28.5,2019 D,High,3,11,2,4
Singapore,SGP,Asia,South-eastern Asia,0.7,191,10,,,,,,,,,,0.67,188,10,68.4990657029173,185,10,0.946,180,10,,,,,,,57.4,170,9,0.884,160,9,52.4,73,6,,,,,,,,,,,,,,country-specific survey year,,,7,0,0
Slovakia,SVK,Europe,Eastern Europe,2.9,124,7,,,,,,,,,,1.11,176,10,58.2980327657845,153,9,0.88,150,8,,,,,,,54.4,158,9,0.797,134,8,,,,,,,,,,,,,,,,<5,country-specific survey year,,,6,0,0
Slovenia,SVN,Europe,Southern Europe,2.5,148,8,,,,,,,,,,2.22,149,8,63.1558407672381,168,9,0.931,173,9,,,,,,,67.8,188,10,0.889,164,10,,,,,,,,,,,,,,,,,country-specific survey year,,,6,0,0
Solomon Islands,SLB,Oceania,Melanesia,4.2,79,5,,,,,,,-1.31016362263344,55,9,15.04,34,2,38.0023089794536,38,2,0.584,38,2,,,,20.4,35,4,23.3,15,1,0.658,73,5,55.9,52,4,1,,,,,,,,,,,,20.4,country-specific survey year,Low,1,9,1,4
Somalia,SOM,Africa,Sub-Saharan Africa,8.1,2,1,8.8,10,2,69.0031179,23,9,-4.45121346872256,2,1,24.89,15,1,26.9955318197297,2,1,0.404,2,1,,,,42.6,1,1,16,1,1,0.455,12,1,67.8,6,1,2,,,6.608504501271905,10,3,,,,0.6555022295351972,4,1,42.6,country-specific survey year,Moderate,2,13,10,11
South Africa,ZAF,Africa,Sub-Saharan Africa,5.1,54,3,,,,,,,,,,9.5,58,3,43.9664150660651,75,4,0.741,88,5,0.024890643,64,6,15.1,50,6,45.8,138,8,0.648,68,4,48.1,95,7,,,,,,,,,,,,,15.1,2016 D,,,9,0,0
South Sudan,SSD,Africa,Sub-Saharan Africa,8.5,1,1,9.5,1,1,67.49779380000001,22,8,-4.56911575388524,1,1,4.17,97,5,,,,0.388,1,1,,,,37.5,2,1,21.3,10,1,0.411,9,1,67.3,8,1,3,,,7.001388127685058,6,2,,,,0.7255479751495773,18,4,37.5,country-specific survey year,High,3,12,8,9
Spain,ESP,Europe,Southern Europe,2.6,138,8,3.5,63,10,,,,,,,10.17,53,3,61.7084351166535,162,9,0.918,166,9,,,,,,,60.9,177,10,0.862,153,9,,,,,,,,,,,,,,,,,country-specific survey year,,,7,0,0
Sri Lanka,LKA,Asia,Southern Asia,4.2,79,5,,,,,,,,,,4.87,86,5,45.489548562434,86,5,0.776,103,6,0.011184699,78,8,11.2,63,7,34.1,88,5,0.706,104,6,48.6,90,7,,,,,,,,,,0.8458852040404359,43,10,11.2,2016 N,,,10,0,0
State of Palestine,PSE,Asia,Western Asia,6.4,21,2,8.6,11,2,86.7519851,27,10,-1.3576909691853,54,9,,,,,,,0.674,60,4,0.001980092,100,10,,,,,,,0.469,15,1,,,,,,,6.835604724128343,7,2,,,,,,,,2019/2020 M,,,8,1,4
Sudan,SDN,Africa,Northern Africa,7.8,6,1,9.5,1,1,54.7619738,17,6,-3.80971265558875,8,2,10.41,52,3,28.251308462865,5,1,0.511,18,1,0.279439589,19,2,,,,28.3,42,3,0.397,5,1,62.8,17,2,4,,,7.1135743298367835,4,1,,,,0.75270026448595,26,6,20–34.9*,2014 M,In debt distress,4,13,6,9
Suriname,SUR,Americas,Latin America and the Caribbean,3.2,115,6,,,,,,,,,,6.21,74,4,46.4211685196316,90,5,0.722,80,5,0.011232468,77,7,10.4,68,7,35,97,5,0.779,129,8,43.2,122,9,,,,,,,,,,,,,10.4,2018 M,,,9,0,0
Sweden,SWE,Europe,Northern Europe,1.9,174,10,,,,,,,,,,3.38,108,6,67.9129121109699,180,10,0.959,187,10,,,,,,,64.9,184,10,0.924,174,10,,,,,,,,,,,,,,,,,country-specific survey year,,,6,0,0
Switzerland,CHE,Europe,Western Europe,1.8,181,10,,,,,,,,,,1.23,173,9,68.8776392995777,187,10,0.97,190,10,,,,,,,58.8,171,9,0.877,159,9,,,,,,,,,,,,,,,,,country-specific survey year,,,6,0,0
Syrian Arab Republic,SYR,Asia,Western Asia,7.8,6,1,9,8,2,49.8632993,13,5,-3.61130431902861,10,2,12.65,42,3,38.0077962855023,39,3,0.564,32,2,,,,30.6,11,2,16.7,4,1,0.364,4,1,57.5,46,4,,,,7.175168313061793,3,1,,,,0.3645806479447218,1,1,30.6,country-specific survey year,,,13,5,9
Tajikistan,TJK,Asia,Central Asia,4.6,67,4,,,,,,,-2.30378152000624,29,5,2.9,126,7,47.4285520839294,95,5,0.691,66,4,0.029005923,60,6,12.8,60,7,29.3,53,3,0.685,89,5,51.7,79,6,3,,,,,,,,,,,,12.8,2017 D,High,3,10,0,0
Thailand,THA,Asia,South-eastern Asia,4.9,60,4,4.3,55,9,,,,,,,20.03,24,2,45.3680465927248,84,5,0.798,117,7,0.0018172,101,10,9.7,73,8,68.2,189,10,0.761,123,7,43.1,123,9,,,,,,,,,,0.6717044700943102,7,2,9.7,2022 M,,,11,0,2
Timor-Leste,TLS,Asia,South-eastern Asia,3.9,87,5,,,,,,,-1.1999975440956,60,10,7.25,69,4,37.0374110244456,32,2,0.634,52,3,0.22151424,27,3,28,17,2,27.8,39,2,0.668,79,5,46.4,104,8,2,,,,,,,,,,,,28.0,2016 D,Moderate,2,10,0,3
Togo,TGO,Africa,Sub-Saharan Africa,5.3,46,3,4.5,54,9,,,,-1.18934791405874,61,10,1.45,165,9,42.2374009619653,59,4,0.571,33,2,0.179616257,35,4,17.3,43,5,27.8,39,2,0.562,39,3,44.1,117,9,2,,,,,,,,,,,,17.3,2017 M,Moderate,2,11,0,2
Tonga,TON,Oceania,Polynesia,3,120,7,,,,,,,,,,3.67,104,6,37.9236133964353,37,2,0.769,102,6,0.003336155,92,9,,,,26.4,33,2,0.685,89,5,57,48,4,3,,,,,,,,,,,,,2019 M,High,3,8,0,2
Trinidad and Tobago,TTO,Americas,Latin America and the Caribbean,3.3,110,6,3,65,10,,,,,,,3.03,121,7,47.0705844717431,92,5,0.807,122,7,0.002073,98,9,11,65,7,36.8,105,6,0.685,89,5,50.3,81,6,,,,,,,,,,,,,11.0,2022 M,,,10,0,0
Tunisia,TUN,Africa,Northern Africa,3.5,102,6,4.1,59,9,,,,,,,7.67,67,4,44.9928617271596,81,5,0.746,89,5,0.0034418,90,9,6.2,91,10,31.5,71,4,0.671,82,5,45.5,111,8,,,,,,,,,,,,,6.2,2023 M,,,10,0,0
Turkey,TUR,Asia,Western Asia,5.4,43,3,7,28,5,,,,,,,14.62,35,2,53.8098812492274,136,8,0.853,143,8,,,,,,,50,148,8,0.664,76,5,46.5,102,8,,,,5.088992379939259,34,9,,,,0.6346840177453826,2,1,<5,country-specific survey year,,,10,1,2
Turkmenistan,TKM,Asia,Central Asia,2.9,124,7,,,,,,,-1.78146971289376,43,7,1.27,171,9,39.3774721235813,45,3,0.764,99,6,8.49177e-4,106,10,9.7,73,8,31.9,75,4,0.72,106,6,51.9,78,6,,,,,,,,,,,,,9.7,2019 M,,,10,0,0
Tuvalu,TUV,Oceania,Polynesia,2.5,148,8,,,,,,,,,,1.47,164,9,43.8641281909945,74,4,0.689,65,4,0.008084608,81,8,,,,20,8,1,,,,64.3,11,1,3,,,,,,,,,,,,,2019/2020 M,High,3,7,2,2
Uganda,UGA,Africa,Sub-Saharan Africa,6.5,20,1,6,39,6,,,,-2.35667639976198,28,5,2.81,129,7,35.9407767987571,24,2,0.582,36,2,0.281028478,18,2,20.2,37,4,36.5,103,6,0.587,43,3,54.5,61,5,2,,,,,,,,,0.7783377096771493,33,8,20.2,2016 D,Moderate,2,12,1,4
Ukraine,UKR,Europe,Eastern Europe,5.6,35,2,9.1,7,1,79.570604,25,9,,,,4.34,92,5,53.5318908572277,133,7,0.779,107,6,,,,10.4,68,7,38.9,111,6,0.645,66,4,,,,,,,5.895560409572443,21,6,,,,0.7205186216277517,17,4,10.4,country-specific survey year,,,11,1,2
United Arab Emirates,ARE,Asia,Western Asia,2.3,159,9,,,,,,,,,,5.97,78,4,53.6932160228041,135,8,0.94,179,10,,,,,,,39.6,114,6,0.872,158,9,54.4,63,5,,,,,,,,,,,,,<5,country-specific survey year,,,7,0,0
United Kingdom of Great Britain and Northern Ireland,GBR,Europe,Northern Europe,2.1,165,9,,,,,,,,,,6.14,76,4,68.5989117683963,186,10,0.946,180,10,,,,,,,67.2,187,10,0.864,154,9,,,,,,,,,,,,,,,,,country-specific survey year,,,6,0,0
United Republic of Tanzania,TZA,Africa,Sub-Saharan Africa,5.6,35,2,5.5,47,8,,,,-1.44560657929613,51,9,16.11,30,2,41.5405911823915,56,3,0.555,29,2,0.2213366,28,3,21.1,33,4,31.3,70,4,0.624,60,4,41.6,132,10,2,,,,,,,,,,,,21.1,2022 D,Moderate,2,11,0,3
United States of America,USA,Americas,Northern America,3.2,115,6,,,,,,,,,,23.09,21,2,65.7471837826021,174,10,0.938,175,10,,,,,,,75.9,193,10,0.84,148,9,,,,,,,,,,,,,,,,,country-specific survey year,,,6,0,1
Uruguay,URY,Americas,Latin America and the Caribbean,2.5,148,8,,,,,,,,,,5.21,82,5,54.6744998091661,139,8,0.862,145,8,,,,,,,40.3,118,7,0.822,144,9,44.7,115,9,,,,,,,,,,,,,<5,country-specific survey year,,,7,0,0
Uzbekistan,UZB,Asia,Central Asia,3.6,98,6,,,,,,,,,,1.42,166,9,52.4708164056303,127,7,0.74,87,5,0.006103756,86,8,,,,39,112,6,0.674,84,5,49.2,88,7,1,,,,,,,,,,,,<5,2021/2022 M,Low,1,8,0,0
Vanuatu,VUT,Oceania,Melanesia,4.5,72,4,,,,,,,,,,11.67,44,3,37.6971941593008,35,2,0.621,48,3,0.11676331,39,4,,,,25.9,26,2,0.646,67,4,54.4,63,5,2,,,,,,,,,,,,,2023 M,Moderate,2,8,0,2
Viet Nam,VNM,Asia,South-eastern Asia,4,84,5,,,,,,,,,,25.92,13,1,45.899190271821,87,5,0.766,100,6,0.007729395,83,8,11.1,64,7,42.9,129,7,0.721,107,6,42.3,128,9,,,,,,,,,,,,,11.1,2020/2021 M,,,9,1,1
Yemen,YEM,Asia,Western Asia,8.1,2,1,9.2,4,1,54.2561285,16,6,-4.29634349561592,4,1,24.83,16,1,31.3326371939657,7,1,0.47,10,1,0.1878396,33,3,,,,16.1,2,1,0.323,2,1,72.9,1,1,2,,,7.4203176603450824,1,1,,,,0.676898030673223,8,2,35–49.9*,2022/2023 M,Moderate,2,13,10,11
Zambia,ZMB,Africa,Sub-Saharan Africa,5.5,40,3,,,,,,,-1.94501031512259,39,7,2.94,124,7,39.1001842382185,42,3,0.595,40,3,0.231685073,23,3,29.6,14,2,26.5,35,2,0.566,40,3,48.6,90,7,3,,,5.720945260306349,27,7,,,,,,,29.6,2018 D,High,3,11,0,2
Zimbabwe,ZWE,Africa,Sub-Saharan Africa,5.3,46,3,,,,,,,-2.5817656495108,23,4,2.38,143,8,35.4242305315131,19,1,0.598,41,3,0.109941785,43,4,20.9,34,4,32.4,77,4,0.59,46,3,58.1,42,3,4,,,6.108051556308791,16,4,,,,,,,20.9,2019 M,In debt distress,4,11,1,1
